seed,anchor,target,la,lt,a_word,t_word,raw_floor,gap_med,d0_gray,pmi_floor_gray,d0_black,pmi_floor_black,d0_white,pmi_floor_white,d0_noise,pmi_floor_noise,d0,pmi_floor,explained_frac
0,junco,ostrich,0,0,sparrow,ratite,0.5663192272186279,1.577988862991333,0.27629995346069336,0.29001927375793457,0.15978527069091797,0.40653395652770996,0.23693180084228516,0.3293874263763428,0.6567840576171875,0.005166530609130859,0.27629995346069336,0.29001927375793457,0.487887290738281
196,green iguana,boa constrictor,0,0,iguana,constrictor,0.0017108917236328125,0.4982374310493469,-0.06451988220214844,0.0021276473999023438,-0.19502758979797363,0.005812168121337891,0.07089781761169434,0.00038933753967285156,-0.19886088371276855,0.006609678268432617,-0.06451988220214844,0.0021276473999023438,-0.24358974358974358
198,green iguana,boa constrictor,0,1,iguana,snake,2.2525535821914673,6.536549955606461,5.88727080821991,0.0021665096282958984,6.275917291641235,4.410743713378906e-06,6.175708651542664,0.002799391746520996,5.739674806594849,0.00040793418884277344,5.88727080821991,0.0021665096282958984,0.9990381984049462
1,junco,ostrich,0,0,sparrow,ratite,0.0032448768615722656,1.5931288599967957,0.27629995346069336,0.02183389663696289,0.15978527069091797,0.01689910888671875,0.23693180084228516,0.01306772232055664,0.6567840576171875,0.0023686885833740234,0.27629995346069336,0.02183389663696289,-5.728728875826598
202,green iguana,boa constrictor,1,1,lizard,snake,2.91452157497406,6.715113639831543,3.828035831451416,0.0011740922927856445,3.5696253776550293,0.00096893310546875,3.686478614807129,0.01980137825012207,4.058897972106934,0.0030241012573242188,3.828035831451416,0.0011740922927856445,0.9995971577967145
203,green iguana,boa constrictor,1,1,lizard,snake,2.2154354453086853,5.4064860343933105,3.828035831451416,0.00444483757019043,3.5696253776550293,0.003997802734375,3.686478614807129,0.00283050537109375,4.058897972106934,0.0008594989776611328,3.828035831451416,0.00444483757019043,0.9979936957406714
204,green iguana,cello,0,0,iguana,cello,0.8359609842300415,2.642780303955078,2.3097774982452393,7.283687591552734e-05,2.024085521697998,0.001423478126525879,2.3273987770080566,0.001896679401397705,1.7779076099395752,0.002162635326385498,2.3097774982452393,7.283687591552734e-05,0.9999128704840422
205,green iguana,cello,0,0,iguana,cello,1.7919008135795593,3.1973422169685364,2.3097774982452393,0.00020420551300048828,2.024085521697998,0.0038362741470336914,2.3273987770080566,0.0021963119506835938,1.7779076099395752,0.01399320363998413,2.3097774982452393,0.00020420551300048828,0.9998860397230399
212,green iguana,cello,1,1,lizard,string instrument,0.3563251495361328,1.6542564630508423,0.013038158416748047,0.34328699111938477,0.19695401191711426,0.15937113761901855,0.20633649826049805,0.14998865127563477,-0.0312192440032959,0.3875443935394287,0.013038158416748047,0.34328699111938477,0.03659062076791727
240,boa constrictor,junco,0,0,constrictor,sparrow,2.1015042811632156,4.450332790613174,3.7926290035247803,0.0012654177844524384,3.466546893119812,0.0014149099588394165,2.6272774934768677,0.0004620403051376343,2.6801615953445435,0.0021729618310928345,3.7926290035247803,0.0012654177844524384,0.9993978514363283
242,boa constrictor,junco,0,1,constrictor,songbird,1.9518283605575562,3.665954351425171,2.036795735359192,0.00034165382385253906,2.2114431858062744,2.2411346435546875e-05,1.7899595499038696,0.16186881065368652,1.4427790641784668,0.5090492963790894,2.036795735359192,0.00034165382385253906,0.9998249570347697
243,boa constrictor,junco,0,1,constrictor,songbird,1.2721451073884964,2.32663581892848,2.036795735359192,0.0004426240921020508,2.2114431858062744,1.8596649169921875e-05,1.7899595499038696,0.0006736256182193756,1.4427790641784668,0.001382380723953247,2.036795735359192,0.0004426240921020508,0.999652064776627
244,boa constrictor,junco,0,2,constrictor,bird,3.9858941733837128,8.357790172100067,6.742256164550781,0.0009255409240722656,6.46807587146759,0.0003351867198944092,5.898932933807373,0.0076180994510650635,5.652544021606445,0.00041347742080688477,6.742256164550781,0.0009255409240722656,0.9997677959113284
26,junco,boa constrictor,0,0,sparrow,constrictor,0.0005769729614257812,0.5651092529296875,-1.0256848335266113,0.15525007247924805,-1.9686641693115234,1.0982294082641602,-1.299468994140625,0.4290342330932617,-1.0911591053009033,0.22072434425354004,-1.0256848335266113,0.15525007247924805,-268.07685950413224
276,boa constrictor,green iguana,0,0,constrictor,iguana,1.402856469154358,5.912166386842728,2.624382972717285,0.07580995559692383,2.699023962020874,0.001550436019897461,2.5554089546203613,0.0068359375,2.7154858112335205,0.014911413192749023,2.624382972717285,0.07580995559692383,0.9459602908324456
278,boa constrictor,green iguana,0,1,constrictor,lizard,1.3358550071716309,4.139370582997799,2.143124580383301,0.003985762596130371,2.1327359676361084,0.0017979145050048828,1.8772377967834473,0.0021783113479614258,1.4221153259277344,0.005622386932373047,2.143124580383301,0.003985762596130371,0.9970163209519503
282,boa constrictor,green iguana,1,1,snake,lizard,0.0009484291076660156,0.7626223564147949,-4.894875526428223,1.9596235752105713,-4.737083435058594,1.8018314838409424,-4.332117080688477,1.3968651294708252,-4.908696174621582,1.9734442234039307,-4.894875526428223,1.9596235752105713,-2065.1782302664656
28,junco,boa constrictor,0,1,sparrow,snake,0.6231383085250854,4.689911723136902,4.609247207641602,1.9550323486328125e-05,3.540926933288574,0.0019769668579101562,3.6121301651000977,0.00425112247467041,4.451909065246582,0.0002506673336029053,4.609247207641602,1.9550323486328125e-05,0.9999686260285736
29,junco,boa constrictor,0,1,sparrow,snake,0.855035126209259,6.8036710023880005,4.609247207641602,0.0017583370208740234,3.540926933288574,0.0005946159362792969,3.6121301651000977,0.0018701553344726562,4.451909065246582,0.004171133041381836,4.609247207641602,0.0017583370208740234,0.9979435499583865
2,junco,ostrich,0,1,sparrow,flightless bird,5.245208740234375e-05,0.15715909004211426,-1.1898174285888672,0.020023584365844727,-1.650458812713623,0.4806649684906006,-1.5748927593231201,0.40509891510009766,-1.2867138385772705,0.11691999435424805,-1.1898174285888672,0.020023584365844727,-380.75
302,boa constrictor,marimba,0,0,constrictor,marimba,0.5585293471813202,2.1357171274721622,1.1683361530303955,0.0018359720706939697,1.381134271621704,0.0019587278366088867,0.9902728796005249,0.0003883838653564453,0.738152265548706,0.0015666186809539795,1.1683361530303955,0.0018359720706939697,0.99671284583351
30,junco,boa constrictor,0,2,sparrow,reptile,0.006652355194091797,1.239504873752594,-1.6856822967529297,1.4184110164642334,-1.2723181247711182,1.0050468444824219,-1.2677810192108154,1.0005097389221191,-1.0400824546813965,0.7728111743927002,-1.6856822967529297,1.4184110164642334,-212.21937495520035
310,boa constrictor,marimba,1,1,snake,percussion instrument,2.47955322265625e-05,-0.08371484279632568,-6.682301759719849,2.499851703643799,-6.228114366531372,2.0456643104553223,-6.131123304367065,1.9486732482910156,-7.352771997451782,3.1703219413757324,-6.682301759719849,2.499851703643799,-100817.63461538461
320,cello,junco,0,0,cello,sparrow,0.13927853107452393,0.8316366672515869,0.26981258392333984,0.003602266311645508,0.25778913497924805,0.00045371055603027344,0.18596172332763672,0.0071413516998291016,0.4107949733734131,0.0011415481567382812,0.26981258392333984,0.003602266311645508,0.974136241358562
322,cello,junco,0,1,cello,songbird,0.0010175704956054688,0.43839794397354126,-0.18434691429138184,0.00020623207092285156,-0.023340702056884766,0.001039743423461914,0.10138750076293945,0.00019788742065429688,0.23287034034729004,0.0006797313690185547,-0.18434691429138184,0.00020623207092285156,0.7973289597000938
324,cello,junco,0,2,cello,bird,1.7384778261184692,5.92781662940979,4.838381767272949,0.0006155967712402344,4.498884677886963,0.003754854202270508,4.557744979858398,0.0045778751373291016,5.16713285446167,0.0013306140899658203,4.838381767272949,0.0006155967712402344,0.9996458989801356
338,cello,ostrich,0,0,cello,ratite,0.0003426074981689453,0.5840929746627808,-0.2869443893432617,0.006407737731933594,-0.5601732730865479,0.12745404243469238,-0.4663267135620117,0.03360748291015625,-0.1990659236907959,0.0024230480194091797,-0.2869443893432617,0.006407737731933594,-17.702853166318718
354,cello,ostrich,2,2,musical instrument,bird,6.011334657669067,13.781482696533203,10.71518611907959,0.005049943923950195,8.059434652328491,0.01383960247039795,10.150800704956055,0.000690460205078125,8.360575675964355,0.003187417984008789,10.71518611907959,0.005049943923950195,0.9991599296642871
392,cello,marimba,0,0,cello,marimba,0.0001556873321533203,-0.08396422863006592,-1.2901077270507812,0.23147273063659668,-1.3432681560516357,0.28463315963745117,-1.1623828411102295,0.10374784469604492,-1.5480759143829346,0.48944091796875,-1.2901077270507812,0.23147273063659668,-1485.779479326187
393,cello,marimba,0,0,cello,marimba,0.00032901763916015625,0.19543278217315674,-1.2901077270507812,0.5435645580291748,-1.3432681560516357,0.5967249870300293,-1.1623828411102295,0.41583967208862305,-1.5480759143829346,0.8015327453613281,-1.2901077270507812,0.5435645580291748,-1651.0833333333333
394,cello,marimba,0,1,cello,percussion instrument,5.7220458984375e-05,0.006299734115600586,-1.327000379562378,0.45116758346557617,-1.3728256225585938,0.496992826461792,-1.2620487213134766,0.3862159252166748,-1.0879902839660645,0.2121574878692627,-1.327000379562378,0.45116758346557617,-7883.725
398,cello,marimba,1,1,string instrument,percussion instrument,0.0007929801940917969,0.16553747653961182,-0.6173512935638428,0.13338899612426758,-0.6764883995056152,0.19252610206604004,-0.7105343341827393,0.22657203674316406,-0.5957784652709961,0.1118161678314209,-0.6173512935638428,0.13338899612426758,-167.21226698737223
44,junco,cello,0,0,sparrow,cello,0.49907100200653076,2.279056668281555,0.31185197830200195,0.1872190237045288,0.12839603424072266,0.3706749677658081,0.40668535232543945,0.09238564968109131,-0.10970878601074219,0.608779788017273,0.31185197830200195,0.1872190237045288,0.6248649531793897
454,marimba,boa constrictor,0,0,marimba,constrictor,0.0012662410736083984,1.1675342321395874,0.11950206756591797,0.0014314651489257812,-0.5892771482467651,0.24327170848846436,-0.0221407413482666,0.004015207290649414,-0.04693639278411865,0.0031048059463500977,0.11950206756591797,0.0014314651489257812,-0.13048390133684806
462,marimba,boa constrictor,1,1,percussion instrument,snake,2.7805285453796387,8.27707290649414,10.198723077774048,0.00946664810180664,8.70390009880066,0.010720968246459961,8.490500450134277,0.0024570226669311523,10.909061193466187,0.0012500286102294922,10.198723077774048,0.00946664810180664,0.9965953781997537
472,marimba,cello,0,0,marimba,cello,0.49083489179611206,1.7995270490646362,1.6122443675994873,3.695487976074219e-05,1.5800299644470215,0.00063323974609375,1.767946481704712,0.0007305145263671875,2.03913950920105,0.0014759302139282227,1.6122443675994873,3.695487976074219e-05,0.9999247101614445
474,marimba,cello,0,1,marimba,string instrument,0.5631986856460571,1.591938853263855,1.024472713470459,0.0004583597183227539,1.0382428169250488,0.0008581876754760742,1.2664942741394043,3.0994415283203125e-05,0.9780583381652832,0.001286149024963379,1.024472713470459,0.0004583597183227539,0.9991861491690149
478,marimba,cello,1,1,percussion instrument,string instrument,0.7728545665740967,1.8707783222198486,2.1833643913269043,1.5974044799804688e-05,2.4719958305358887,0.0004596710205078125,2.4569320678710938,0.002645730972290039,2.5416038036346436,0.003503084182739258,2.1833643913269043,1.5974044799804688e-05,0.9999793311115821
50,junco,cello,1,0,songbird,cello,0.3261798024177551,2.097494274377823,0.8699653148651123,0.0009750723838806152,0.9319825172424316,1.4066696166992188e-05,0.8099346160888672,0.0018548965454101562,1.0825719833374023,0.00015676021575927734,0.8699653148651123,0.0009750723838806152,0.997010629178591
56,junco,cello,2,0,bird,cello,0.0002455711364746094,1.0589654445648193,-6.12544059753418,3.724400520324707,-5.472638130187988,3.0715980529785156,-4.791750431060791,2.3907103538513184,-6.608484745025635,4.207444667816162,-6.12544059753418,3.724400520324707,-15165.279611650485
6,junco,ostrich,1,1,songbird,flightless bird,0.0007059574127197266,0.17757660150527954,-1.3976714611053467,0.4902222156524658,-1.2746341228485107,0.3671848773956299,-1.3059046268463135,0.3984553813934326,-0.9589943885803223,0.051545143127441406,-1.3976714611053467,0.4902222156524658,-693.4076325565687
80,ostrich,junco,0,0,ratite,sparrow,0.01395881175994873,0.9961352348327637,0.744422435760498,0.00012993812561035156,0.6234469413757324,0.0006754398345947266,0.751408576965332,0.0002505779266357422,1.3333499431610107,0.00014913082122802734,0.744422435760498,0.00012993812561035156,0.9906913190144754
82,ostrich,junco,0,1,ratite,songbird,0.1414945125579834,1.2534090280532837,0.3128678798675537,0.0030205249786376953,0.39728665351867676,0.0010483264923095703,0.25684213638305664,0.005617380142211914,0.4922184944152832,0.0005733966827392578,0.3128678798675537,0.0030205249786376953,0.9786527058609436
86,ostrich,junco,1,1,flightless bird,songbird,1.432446300983429,2.850035347044468,1.7924385070800781,0.00010576844215393066,1.8963432312011719,9.28044319152832e-05,1.9817829132080078,0.0006760358810424805,1.5045483112335205,0.0016309022903442383,1.7924385070800781,0.00010576844215393066,0.9999261623684732
88,ostrich,green iguana,0,0,ratite,iguana,0.0007593631744384766,1.4578946828842163,0.35386061668395996,0.0016567707061767578,0.6952521800994873,0.0006382465362548828,0.18274617195129395,0.0006673336029052734,1.0716578960418701,0.0003032684326171875,0.35386061668395996,0.0016567707061767578,-1.181789638932496
96,ostrich,green iguana,1,1,flightless bird,lizard,0.8794098496437073,1.8848801255226135,1.716181755065918,6.628036499023438e-05,1.4546582698822021,0.0012548565864562988,1.7746491432189941,0.0006566643714904785,1.1020839214324951,0.00023925304412841797,1.716181755065918,6.628036499023438e-05,0.9999246308589594
