sut,seed,arm,rep,a_word,t_word,anchor,target,d0,d0_armgray,d0_run,floor_own,floor_raw,floor_pmi,reached_own,reached_evid,crossed_raw,crossed_pmi,gen_reach_own,gen_reach_own_trace,gen_reach_evid,gen_cross_behav,final_pareto_min
qwen,2,raw,1,sparrow,flightless bird,junco,ostrich,1.9718880653381348,1.9891505241394043,1.9891505241394043,2.004178524017334,2.0041786432266235,0.015028119087219238,False,True,False,False,,,11.0,,2.004178524017334
qwen,26,raw,1,sparrow,constrictor,junco,boa constrictor,3.4538527727127075,3.537253975868225,3.537253975868225,2.8454997539520264,2.8454997539520264,0.0033904314041137695,False,True,False,True,,,16.0,,2.8454997539520264
qwen,28,raw,1,sparrow,snake,junco,boa constrictor,-1.8430805206298828,-1.8511478900909424,-1.8511478900909424,8.273124694824219e-05,8.273124694824219e-05,0.6933194696903229,True,False,True,False,0.0,0.0,,0.0,8.273124694824219e-05
qwen,96,raw,1,flightless bird,lizard,ostrich,green iguana,-4.1983330845832825,-4.25820928812027,-4.25820928812027,0.0001964569091796875,0.0001964569091796875,1.1403153538703918,True,False,True,False,1.0,1.0,,0.0,0.0001964569091796875
qwen,196,raw,1,iguana,constrictor,green iguana,boa constrictor,2.775361180305481,2.7845526933670044,2.7845526933670044,3.645819664001465,3.6458197832107544,0.86126708984375,False,False,False,False,,,,,3.645819664001465
qwen,278,raw,1,constrictor,lizard,boa constrictor,green iguana,-0.0527796745300293,-0.0797491073608398,-0.0797491073608398,0.10703754425048828,0.10703754425048828,0.18678665161132807,True,True,False,False,14.0,14.0,14.0,,0.10703754425048828
qwen,454,raw,1,marimba,constrictor,marimba,boa constrictor,4.453447341918945,4.411278992891312,4.411278992891312,2.224987268447876,2.224987268447876,0.0010512471199035645,False,True,False,True,,,0.0,,2.224987268447876
qwen,474,raw,1,marimba,string instrument,marimba,cello,0.05725958943367,-0.0058236718177795,-0.0058236718177795,0.00015369057655334473,0.00015369057655334473,0.00026553869247432447,True,True,True,True,0.0,0.0,0.0,3.0,0.00015369057655334473
qwen,2,raw,2,sparrow,flightless bird,junco,ostrich,1.9718880653381348,1.9891505241394043,1.9891505241394043,0.5106923580169678,0.5106923580169678,0.0028238296508789062,False,True,False,True,,,5.0,,0.5106923580169678
qwen,26,raw,2,sparrow,constrictor,junco,boa constrictor,3.4538527727127075,3.537253975868225,3.537253975868225,3.021516799926758,3.0215169191360474,0.01020514965057373,False,True,False,True,,,19.0,,3.021516799926758
qwen,28,raw,2,sparrow,snake,junco,boa constrictor,-1.8430805206298828,-1.8511478900909424,-1.8511478900909424,0.00045877695083618164,0.00045877695083618164,0.6026369333267212,True,False,True,False,0.0,0.0,,0.0,0.00045877695083618164
qwen,96,raw,2,flightless bird,lizard,ostrich,green iguana,-4.1983330845832825,-4.25820928812027,-4.25820928812027,0.0003676414489746094,0.0003676414489746094,1.2781370282173157,True,False,True,False,7.0,7.0,,0.0,0.0003676414489746094
qwen,196,raw,2,iguana,constrictor,green iguana,boa constrictor,2.775361180305481,2.7845526933670044,2.7845526933670044,4.356059551239014,4.356059521436691,1.571506828069687,False,False,False,False,,,,,4.356059551239014
qwen,278,raw,2,constrictor,lizard,boa constrictor,green iguana,-0.0527796745300293,-0.0797491073608398,-0.0797491073608398,0.026984691619873047,0.026984691619873047,0.10673379898071285,True,True,False,False,9.0,9.0,23.0,,0.026984691619873047
qwen,454,raw,2,marimba,constrictor,marimba,boa constrictor,4.453447341918945,4.411278992891312,4.411278992891312,2.8861148357391357,2.8861148357391357,0.0006537437438964844,False,True,False,True,,,0.0,,2.8861148357391357
qwen,474,raw,2,marimba,string instrument,marimba,cello,0.05725958943367,-0.0058236718177795,-0.0058236718177795,0.00037086009979248047,0.00037086009979248047,0.00034737586975101733,True,True,True,True,0.0,0.0,0.0,0.0,0.00037086009979248047
qwen,2,raw,3,sparrow,flightless bird,junco,ostrich,1.9718880653381348,1.9891505241394043,1.9891505241394043,2.0287575721740723,2.0287575721740723,0.03960704803466797,False,True,False,False,,,26.0,,2.0287575721740723
qwen,26,raw,3,sparrow,constrictor,junco,boa constrictor,3.4538527727127075,3.537253975868225,3.537253975868225,1.864821434020996,1.864821434020996,0.003824472427368164,False,True,False,True,,,1.0,,1.864821434020996
qwen,28,raw,3,sparrow,snake,junco,boa constrictor,-1.8430805206298828,-1.8511478900909424,-1.8511478900909424,0.00035685300827026367,0.00035685300827026367,0.5829936861991882,True,False,True,False,0.0,0.0,,0.0,0.00035685300827026367
qwen,96,raw,3,flightless bird,lizard,ostrich,green iguana,-4.1983330845832825,-4.25820928812027,-4.25820928812027,4.315376281738281e-05,4.315376281738281e-05,1.2572683691978455,True,False,True,False,2.0,2.0,,0.0,4.315376281738281e-05
qwen,196,raw,3,iguana,constrictor,green iguana,boa constrictor,2.775361180305481,2.7845526933670044,2.7845526933670044,3.8201324939727783,3.8201324343681335,1.0355797410011292,False,False,False,False,,,,,3.8201324939727783
qwen,278,raw,3,constrictor,lizard,boa constrictor,green iguana,-0.0527796745300293,-0.0797491073608398,-0.0797491073608398,0.2615976333618164,0.2615976333618164,0.3413467407226562,True,False,False,False,29.0,29.0,,,0.2615976333618164
qwen,454,raw,3,marimba,constrictor,marimba,boa constrictor,4.453447341918945,4.411278992891312,4.411278992891312,3.5808496475219727,3.580849528312683,0.0009413957595825195,False,True,False,True,,,1.0,,3.5808496475219727
qwen,474,raw,3,marimba,string instrument,marimba,cello,0.05725958943367,-0.0058236718177795,-0.0058236718177795,0.0007053613662719727,0.0007053613662719727,1.7493963241617914e-05,True,True,True,True,0.0,0.0,0.0,1.0,0.0007053613662719727
qwen,2,pmi,1,sparrow,flightless bird,junco,ostrich,1.9718880653381348,1.9718880653381348,1.9718880653381348,5.412101745605469e-05,1.7458057403564453,5.412101745605469e-05,True,True,False,True,18.0,18.0,18.0,,5.412101745605469e-05
qwen,26,pmi,1,sparrow,constrictor,junco,boa constrictor,3.4538527727127075,3.4538527727127075,3.4538527727127075,0.14547276496887207,3.5993255376815796,0.14547276496887207,True,True,False,False,27.0,27.0,27.0,,0.14547276496887207
qwen,28,pmi,1,sparrow,snake,junco,boa constrictor,-1.8430805206298828,-1.8430805206298828,-1.8430805206298828,0.00039336085319519043,0.0013573169708251953,0.00039336085319519043,True,True,True,True,6.0,6.0,6.0,0.0,0.00039336085319519043
qwen,96,pmi,1,flightless bird,lizard,ostrich,green iguana,-4.1983330845832825,-4.1983330845832825,-4.1983330845832825,0.5689190626144409,0.12490302324295044,0.5689190626144409,False,False,True,False,,,,0.0,0.5689190626144409
qwen,196,pmi,1,iguana,constrictor,green iguana,boa constrictor,2.775361180305481,2.775361180305481,2.775361180305481,0.6427435278892517,3.4181047081947327,0.6427435278892517,False,False,False,False,,,,,0.6427435278892517
qwen,278,pmi,1,constrictor,lizard,boa constrictor,green iguana,-0.0527796745300293,-0.0527796745300293,-0.0527796745300293,0.15320444107055664,0.10042476654052734,0.15320444107055664,True,True,False,False,10.0,10.0,10.0,,0.15320444107055664
qwen,454,pmi,1,marimba,constrictor,marimba,boa constrictor,4.453447341918945,4.453447341918945,4.453447341918945,0.00016829371452331543,3.0382825136184692,0.00016829371452331543,True,True,False,True,1.0,1.0,1.0,,0.00016829371452331543
qwen,474,pmi,1,marimba,string instrument,marimba,cello,0.05725958943367,0.05725958943367,0.057259589433670044,0.000436931848526001,7.984042167663574e-05,0.000436931848526001,True,True,True,True,0.0,0.0,0.0,4.0,0.000436931848526001
qwen,2,pmi,2,sparrow,flightless bird,junco,ostrich,1.9718880653381348,1.9718880653381348,1.9718880653381348,0.007408857345581055,1.3825962543487549,0.007408857345581055,True,True,False,True,6.0,6.0,6.0,,0.007408857345581055
qwen,26,pmi,2,sparrow,constrictor,junco,boa constrictor,3.4538527727127075,3.4538527727127075,3.4538527727127075,0.012936234474182129,2.679028272628784,0.012936234474182129,True,True,False,True,13.0,13.0,13.0,,0.012936234474182129
qwen,28,pmi,2,sparrow,snake,junco,boa constrictor,-1.8430805206298828,-1.8430805206298828,-1.8430805206298828,0.00022405385971069336,2.8252601623535156e-05,0.00022405385971069336,True,True,True,True,2.0,2.0,2.0,0.0,0.00022405385971069336
qwen,96,pmi,2,flightless bird,lizard,ostrich,green iguana,-4.1983330845832825,-4.1983330845832825,-4.1983330845832825,0.12643441557884216,0.1939876675605774,0.12643441557884216,True,True,True,False,11.0,11.0,11.0,0.0,0.12643441557884216
qwen,196,pmi,2,iguana,constrictor,green iguana,boa constrictor,2.775361180305481,2.775361180305481,2.775361180305481,0.6807460188865662,3.456107199192047,0.6807460188865662,False,False,False,False,,,,,0.6807460188865662
qwen,278,pmi,2,constrictor,lizard,boa constrictor,green iguana,-0.0527796745300293,-0.0527796745300293,-0.0527796745300293,4.76837158203125e-07,0.0037279129028320312,4.76837158203125e-07,True,True,True,True,4.0,4.0,4.0,20.0,4.76837158203125e-07
qwen,454,pmi,2,marimba,constrictor,marimba,boa constrictor,4.453447341918945,4.453447341918945,4.453447341918945,0.0004571974277496338,3.0061326026916504,0.0004571974277496338,True,True,False,True,0.0,0.0,0.0,,0.0004571974277496338
qwen,474,pmi,2,marimba,string instrument,marimba,cello,0.05725958943367,0.05725958943367,0.057259589433670044,0.0010051131248474121,0.0012449324131011963,0.0010051131248474121,True,True,True,True,0.0,0.0,0.0,4.0,0.0010051131248474121
qwen,2,pmi,3,sparrow,flightless bird,junco,ostrich,1.9718880653381348,1.9718880653381348,1.9718880653381348,0.02521681785583496,1.9466712474822998,0.02521681785583496,True,True,False,True,40.0,40.0,40.0,,0.02521681785583496
qwen,26,pmi,3,sparrow,constrictor,junco,boa constrictor,3.4538527727127075,3.4538527727127075,3.4538527727127075,0.0007834434509277344,3.0995869636535645,0.0007834434509277344,True,True,False,True,14.0,14.0,14.0,,0.0007834434509277344
qwen,28,pmi,3,sparrow,snake,junco,boa constrictor,-1.8430805206298828,-1.8430805206298828,-1.8430805206298828,0.0024421364068984985,0.00037604570388793945,0.0024421364068984985,True,True,True,True,3.0,3.0,3.0,0.0,0.0024421364068984985
qwen,96,pmi,3,flightless bird,lizard,ostrich,green iguana,-4.1983330845832825,-4.1983330845832825,-4.1983330845832825,0.4937290549278259,0.05124181509017944,0.4937290549278259,False,False,True,False,,,,0.0,0.4937290549278259
qwen,196,pmi,3,iguana,constrictor,green iguana,boa constrictor,2.775361180305481,2.775361180305481,2.775361180305481,1.5452308654785156,4.320592045783997,1.5452308654785156,False,False,False,False,,,,,1.5452308654785156
qwen,278,pmi,3,constrictor,lizard,boa constrictor,green iguana,-0.0527796745300293,-0.0527796745300293,-0.0527796745300293,0.1725773811340332,0.1197977066040039,0.1725773811340332,True,True,False,False,37.0,37.0,37.0,,0.1725773811340332
qwen,454,pmi,3,marimba,constrictor,marimba,boa constrictor,4.453447341918945,4.453447341918945,4.453447341918945,0.0006025433540344238,3.829092264175415,0.0006025433540344238,True,True,False,True,1.0,1.0,1.0,,0.0006025433540344238
qwen,474,pmi,3,marimba,string instrument,marimba,cello,0.05725958943367,0.05725958943367,0.057259589433670044,0.0002543032169342041,0.0013221800327301025,0.0002543032169342041,True,True,True,True,0.0,0.0,0.0,0.0,0.0002543032169342041
llava,2,raw,1,sparrow,flightless bird,junco,ostrich,-1.1898174285888672,-1.1898174285888672,-1.1898174285888672,0.0007950067520141602,0.0007950067520141602,0.0793156623840332,True,True,True,False,0.0,0.0,22.0,0.0,0.0007950067520141602
llava,26,raw,1,sparrow,constrictor,junco,boa constrictor,-1.025684833526611,-1.025684833526611,-1.025684833526611,0.003784656524658203,0.003784656524658203,0.32424545288085915,True,False,True,False,3.0,3.0,,6.0,0.003784656524658203
llava,28,raw,1,sparrow,snake,junco,boa constrictor,4.609247207641602,4.609247207641602,4.609247207641602,0.5358511805534363,0.5358511805534363,0.004077613353729248,False,True,False,True,,,0.0,,0.5358511805534363
llava,96,raw,1,flightless bird,lizard,ostrich,green iguana,1.716181755065918,1.716181755065918,1.716181755065918,1.0341554880142212,1.0341555178165436,0.0005030632019042969,False,True,False,True,,,0.0,,1.0341554880142212
llava,196,raw,1,iguana,constrictor,green iguana,boa constrictor,-0.0645198822021484,-0.0645198822021484,-0.0645198822021484,0.000993490219116211,0.000993490219116211,0.00035214424133304945,True,True,True,True,0.0,0.0,0.0,3.0,0.000993490219116211
llava,278,raw,1,constrictor,lizard,boa constrictor,green iguana,2.143124580383301,2.143124580383301,2.143124580383301,0.6631225347518921,0.6631225347518921,0.0008846521377563477,False,True,False,True,,,16.0,,0.6631225347518921
llava,454,raw,1,marimba,constrictor,marimba,boa constrictor,0.1195020675659179,0.1195020675659179,0.1195020675659179,0.00589597225189209,0.00589597225189209,0.0004305839538573525,True,True,True,True,2.0,2.0,0.0,11.0,0.00589597225189209
llava,474,raw,1,marimba,string instrument,marimba,cello,1.024472713470459,1.024472713470459,1.024472713470459,0.5286166667938232,0.5286166667938232,0.002286195755004883,False,True,False,True,,,0.0,,0.5286166667938232
llava,2,raw,2,sparrow,flightless bird,junco,ostrich,-1.1898174285888672,-1.1898174285888672,-1.1898174285888672,0.0001728534698486328,0.0001728534698486328,0.006427764892578125,True,True,True,True,0.0,0.0,0.0,0.0,0.0001728534698486328
llava,26,raw,2,sparrow,constrictor,junco,boa constrictor,-1.025684833526611,-1.025684833526611,-1.025684833526611,0.003257274627685547,0.003257274627685547,0.4871234893798826,True,False,True,False,2.0,2.0,,2.0,0.003257274627685547
llava,28,raw,2,sparrow,snake,junco,boa constrictor,4.609247207641602,4.609247207641602,4.609247207641602,1.4519776105880737,1.451977625489235,0.0007395744323730469,False,True,False,True,,,0.0,,1.4519776105880737
llava,96,raw,2,flightless bird,lizard,ostrich,green iguana,1.716181755065918,1.716181755065918,1.716181755065918,0.6776649951934814,0.6776649951934814,0.000893712043762207,False,True,False,True,,,0.0,,0.6776649951934814
llava,196,raw,2,iguana,constrictor,green iguana,boa constrictor,-0.0645198822021484,-0.0645198822021484,-0.0645198822021484,0.0009816884994506836,0.0009816884994506836,0.0006666183471680104,True,True,True,True,0.0,0.0,0.0,0.0,0.0009816884994506836
llava,278,raw,2,constrictor,lizard,boa constrictor,green iguana,2.143124580383301,2.143124580383301,2.143124580383301,1.670454502105713,1.670454502105713,0.006316781044006348,False,True,False,True,,,8.0,,1.670454502105713
llava,454,raw,2,marimba,constrictor,marimba,boa constrictor,0.1195020675659179,0.1195020675659179,0.1195020675659179,0.005991935729980469,0.005991935729980469,0.00011217594146735455,True,True,True,True,0.0,0.0,0.0,4.0,0.005991935729980469
llava,474,raw,2,marimba,string instrument,marimba,cello,1.024472713470459,1.024472713470459,1.024472713470459,0.33393633365631104,0.33393633365631104,0.0005120038986206055,False,True,False,True,,,0.0,,0.33393633365631104
llava,2,raw,3,sparrow,flightless bird,junco,ostrich,-1.1898174285888672,-1.1898174285888672,-1.1898174285888672,0.001101374626159668,0.001101374626159668,0.1443183422088623,True,True,True,False,0.0,0.0,1.0,0.0,0.001101374626159668
llava,26,raw,3,sparrow,constrictor,junco,boa constrictor,-1.025684833526611,-1.025684833526611,-1.025684833526611,0.0015130043029785156,0.0015130043029785156,0.4000763893127439,True,False,True,False,2.0,2.0,,2.0,0.0015130043029785156
llava,28,raw,3,sparrow,snake,junco,boa constrictor,4.609247207641602,4.609247207641602,4.609247207641602,1.2471930980682373,1.2471930980682373,0.0052797794342041016,False,True,False,True,,,0.0,,1.2471930980682373
llava,96,raw,3,flightless bird,lizard,ostrich,green iguana,1.716181755065918,1.716181755065918,1.716181755065918,0.72581946849823,0.72581946849823,9.310245513916016e-05,False,True,False,True,,,0.0,,0.72581946849823
llava,196,raw,3,iguana,constrictor,green iguana,boa constrictor,-0.0645198822021484,-0.0645198822021484,-0.0645198822021484,0.002222776412963867,0.002222776412963867,0.0009039640426636159,True,True,True,True,0.0,0.0,0.0,0.0,0.002222776412963867
llava,278,raw,3,constrictor,lizard,boa constrictor,green iguana,2.143124580383301,2.143124580383301,2.143124580383301,1.96894371509552,1.9689436852931976,0.004554733633995056,False,True,False,True,,,10.0,,1.96894371509552
llava,454,raw,3,marimba,constrictor,marimba,boa constrictor,0.1195020675659179,0.1195020675659179,0.1195020675659179,0.0009274482727050781,0.0009274482727050781,3.051757812506939e-05,True,True,True,True,1.0,1.0,1.0,2.0,0.0009274482727050781
llava,474,raw,3,marimba,string instrument,marimba,cello,1.024472713470459,1.024472713470459,1.024472713470459,0.7811912298202515,0.7811912298202515,0.0017148256301879883,False,True,False,True,,,0.0,,0.7811912298202515
llava,2,pmi,1,sparrow,flightless bird,junco,ostrich,-1.1898174285888672,-1.1898174285888672,-1.1898174285888672,0.00046706199645996094,0.0016564130783081055,0.00046706199645996094,True,True,True,True,2.0,2.0,2.0,0.0,0.00046706199645996094
llava,26,pmi,1,sparrow,constrictor,junco,boa constrictor,-1.025684833526611,-1.025684833526611,-1.0256848335266113,0.006865382194519043,0.0037813186645507812,0.006865382194519043,True,True,True,True,21.0,21.0,21.0,12.0,0.006865382194519043
llava,28,pmi,1,sparrow,snake,junco,boa constrictor,4.609247207641602,4.609247207641602,4.609247207641602,0.0015633106231689453,2.2943410873413086,0.0015633106231689453,True,True,False,True,0.0,0.0,0.0,,0.0015633106231689453
llava,96,pmi,1,flightless bird,lizard,ostrich,green iguana,1.716181755065918,1.716181755065918,1.716181755065918,8.33272933959961e-05,1.1388919353485107,8.33272933959961e-05,True,True,False,True,0.0,0.0,0.0,,8.33272933959961e-05
llava,196,pmi,1,iguana,constrictor,green iguana,boa constrictor,-0.0645198822021484,-0.0645198822021484,-0.06451988220214844,0.0020775794982910156,0.0014901161193847656,0.0020775794982910156,True,True,True,True,1.0,1.0,1.0,4.0,0.0020775794982910156
llava,278,pmi,1,constrictor,lizard,boa constrictor,green iguana,2.143124580383301,2.143124580383301,2.143124580383301,0.007244586944580078,1.813431739807129,0.007244586944580078,True,True,False,True,6.0,6.0,6.0,,0.007244586944580078
llava,454,pmi,1,marimba,constrictor,marimba,boa constrictor,0.1195020675659179,0.1195020675659179,0.11950206756591797,0.0004315376281738281,0.01929759979248047,0.0004315376281738281,True,True,True,True,1.0,1.0,1.0,2.0,0.0004315376281738281
llava,474,pmi,1,marimba,string instrument,marimba,cello,1.024472713470459,1.024472713470459,1.024472713470459,0.00205230712890625,0.7099844217300415,0.00205230712890625,True,True,False,True,0.0,0.0,0.0,,0.00205230712890625
llava,2,pmi,2,sparrow,flightless bird,junco,ostrich,-1.1898174285888672,-1.1898174285888672,-1.1898174285888672,0.0010981559753417969,0.0017179250717163086,0.0010981559753417969,True,True,True,True,3.0,3.0,3.0,0.0,0.0010981559753417969
llava,26,pmi,2,sparrow,constrictor,junco,boa constrictor,-1.025684833526611,-1.025684833526611,-1.0256848335266113,0.06429672241210938,7.832050323486328e-05,0.06429672241210938,True,True,True,False,36.0,36.0,36.0,8.0,0.06429672241210938
llava,28,pmi,2,sparrow,snake,junco,boa constrictor,4.609247207641602,4.609247207641602,4.609247207641602,0.0008957386016845703,2.541901111602783,0.0008957386016845703,True,True,False,True,0.0,0.0,0.0,,0.0008957386016845703
llava,96,pmi,2,flightless bird,lizard,ostrich,green iguana,1.716181755065918,1.716181755065918,1.716181755065918,0.00015282630920410156,1.1145381927490234,0.00015282630920410156,True,True,False,True,0.0,0.0,0.0,,0.00015282630920410156
llava,196,pmi,2,iguana,constrictor,green iguana,boa constrictor,-0.0645198822021484,-0.0645198822021484,-0.06451988220214844,0.0030508041381835938,5.412101745605469e-05,0.0030508041381835938,True,True,True,True,0.0,0.0,0.0,3.0,0.0030508041381835938
llava,278,pmi,2,constrictor,lizard,boa constrictor,green iguana,2.143124580383301,2.143124580383301,2.143124580383301,4.565715789794922e-05,1.7085790634155273,4.565715789794922e-05,True,True,False,True,7.0,7.0,7.0,,4.565715789794922e-05
llava,454,pmi,2,marimba,constrictor,marimba,boa constrictor,0.1195020675659179,0.1195020675659179,0.11950206756591797,0.00038743019104003906,0.0014567375183105469,0.00038743019104003906,True,True,True,True,1.0,1.0,1.0,4.0,0.00038743019104003906
llava,474,pmi,2,marimba,string instrument,marimba,cello,1.024472713470459,1.024472713470459,1.024472713470459,0.0007002353668212891,0.7424218654632568,0.0007002353668212891,True,True,False,True,0.0,0.0,0.0,,0.0007002353668212891
llava,2,pmi,3,sparrow,flightless bird,junco,ostrich,-1.1898174285888672,-1.1898174285888672,-1.1898174285888672,0.002315521240234375,0.00023686885833740234,0.002315521240234375,True,True,True,True,0.0,0.0,0.0,0.0,0.002315521240234375
llava,26,pmi,3,sparrow,constrictor,junco,boa constrictor,-1.025684833526611,-1.025684833526611,-1.0256848335266113,0.5394268035888672,0.002579808235168457,0.5394268035888672,False,False,True,False,,,,24.0,0.5394268035888672
llava,28,pmi,3,sparrow,snake,junco,boa constrictor,4.609247207641602,4.609247207641602,4.609247207641602,0.0031027793884277344,2.414745330810547,0.0031027793884277344,True,True,False,True,0.0,0.0,0.0,,0.0031027793884277344
llava,96,pmi,3,flightless bird,lizard,ostrich,green iguana,1.716181755065918,1.716181755065918,1.716181755065918,0.0007635354995727539,0.9865418672561646,0.0007635354995727539,True,True,False,True,0.0,0.0,0.0,,0.0007635354995727539
llava,196,pmi,3,iguana,constrictor,green iguana,boa constrictor,-0.0645198822021484,-0.0645198822021484,-0.06451988220214844,0.000989675521850586,0.001190185546875,0.000989675521850586,True,True,True,True,0.0,0.0,0.0,2.0,0.000989675521850586
llava,278,pmi,3,constrictor,lizard,boa constrictor,green iguana,2.143124580383301,2.143124580383301,2.143124580383301,0.0007798671722412109,1.8967390060424805,0.0007798671722412109,True,True,False,True,7.0,7.0,7.0,,0.0007798671722412109
llava,454,pmi,3,marimba,constrictor,marimba,boa constrictor,0.1195020675659179,0.1195020675659179,0.11950206756591797,0.0008046627044677734,0.0019555091857910156,0.0008046627044677734,True,True,True,True,1.0,1.0,1.0,2.0,0.0008046627044677734
llava,474,pmi,3,marimba,string instrument,marimba,cello,1.024472713470459,1.024472713470459,1.024472713470459,7.49826431274414e-05,0.6904335021972656,7.49826431274414e-05,True,True,False,True,0.0,0.0,0.0,,7.49826431274414e-05
