sut,cell,arm,rep,d0,hv_raw,hv_pmi,hv_own,hv_cross,final_own_hv,gen0_own_hv,gen_to_90,frac_final_at_gen0,n_pareto_final,n_active_min,n_active_max,n_active_span,pareto_min_matdist,pareto_min_textdist,image_dim
qwen,2,raw,1,1.9718880653381348,0.6431956794168855,0.9718436903065747,0.6431956794168855,0.9718436903065747,0.6431956794168855,0.4059140469666358,11,0.6310895112582741,67,0,121,121,1.3950421816844027e-05,0.0656554102897644,222
qwen,26,raw,1,3.4538527727127075,0.5176681223305853,0.9971900721480539,0.5176681223305853,0.9971900721480539,0.5176681223305853,0.21969133212759684,38,0.42438644114018076,94,0,121,121,1.3950421816844027e-05,0.05229389667510986,222
qwen,28,raw,1,-1.8430805206298828,0.999984343667646,0.8854024316276515,0.999984343667646,0.8854024316276515,0.999984343667646,0.9977335285496067,0,0.9977491496418994,45,0,121,121,1.3950421816844027e-05,0.04232525825500488,222
qwen,96,raw,1,-4.1983330845832825,0.9991407999093982,0.8195990401372921,0.9991407999093982,0.8195990401372921,0.9991407999093982,0.9137189785639445,0,0.914504721103172,183,0,135,135,2.490969745849725e-05,0.05293518304824829,253
qwen,196,raw,1,2.775361180305481,0.37816202691993916,0.8407222236375194,0.37816202691993916,0.8407222236375194,0.37816202691993916,0.14329306781291962,32,0.3789197688091942,65,0,121,121,4.031010394101031e-05,0.03386867046356201,222
qwen,278,raw,1,-0.0527796745300293,0.9819556223079454,0.9731590098862738,0.9819556223079454,0.9731590098862738,0.9819556223079454,0.864412502430412,3,0.880296912398887,164,0,119,119,2.416285133222118e-05,0.05204463005065918,229
qwen,454,raw,1,4.453447341918945,0.622063061211839,0.9999015309060664,0.622063061211839,0.9999015309060664,0.622063061211839,0.23759525517622626,24,0.3819472172376989,71,0,167,167,1.3950421816844027e-05,0.057455599308013916,293
qwen,474,raw,1,0.057259589433670044,0.9999510662818796,0.999882868295101,0.9999510662818796,0.999882868295101,0.9999510662818796,0.980036954085032,0,0.9800849132839127,48,0,167,167,1.3950421816844027e-05,0.0735553503036499,293
qwen,2,raw,2,1.9718880653381348,0.8608545158897434,0.9816070797744099,0.8608545158897434,0.9816070797744099,0.8608545158897434,0.4463238939419165,26,0.5184661121056149,88,0,121,121,1.3950421816844027e-05,0.05257284641265869,222
qwen,26,raw,2,3.4538527727127075,0.483545801079309,0.9911717347823106,0.483545801079309,0.9911717347823106,0.483545801079309,0.27475100554324483,28,0.5682005818889976,96,0,121,121,1.3950421816844027e-05,0.09302836656570435,222
qwen,28,raw,2,-1.8430805206298828,0.999904818184025,0.9000611566119008,0.999904818184025,0.9000611566119008,0.999904818184025,0.9980329716796273,0,0.9981279753128931,65,0,121,121,1.3950421816844027e-05,0.08748608827590942,222
qwen,96,raw,2,-4.1983330845832825,0.9995683960920895,0.7955202523506049,0.9995683960920895,0.7955202523506049,0.9995683960920895,0.893295734767386,2,0.8936814511741399,44,0,143,143,2.490969745849725e-05,0.0,253
qwen,196,raw,2,2.775361180305481,0.2707738704621434,0.7333340671797235,0.2707738704621434,0.7333340671797235,0.2707738704621434,0.09660935884078697,33,0.3567898138616511,64,0,121,121,4.031010394101031e-05,0.026067137718200684,222
qwen,278,raw,2,-0.0527796745300293,0.9939945604776885,0.985197948056017,0.9939945604776885,0.985197948056017,0.9939945604776885,0.8706190586090088,2,0.8758790975582517,110,0,118,118,2.416285133222118e-05,0.009710311889648438,229
qwen,454,raw,2,4.453447341918945,0.5099438887102206,0.9993601779583778,0.5099438887102206,0.9993601779583778,0.5099438887102206,0.23570280532279522,29,0.4622132170638388,98,0,149,149,1.3950421816844027e-05,0.07466793060302734,293
qwen,474,raw,2,0.057259589433670044,0.9985618885348002,0.9987849190119183,0.9985618885348002,0.9987849190119183,0.9985618885348002,0.9892641838906975,0,0.9906889049633715,86,0,149,149,1.3950421816844027e-05,0.08514893054962158,293
qwen,2,raw,3,1.9718880653381348,0.6422129191637218,0.9708609300534109,0.6422129191637218,0.9708609300534109,0.6422129191637218,0.47028464775856904,18,0.7322877409114804,41,0,118,118,1.3950421816844027e-05,0.059872984886169434,222
qwen,26,raw,3,3.4538527727127075,0.6537211658628852,0.9975873605535552,0.6537211658628852,0.9975873605535552,0.6537211658628852,0.2159285426318824,28,0.3303067942535799,144,0,127,127,1.3950421816844027e-05,0.0694231390953064,222
qwen,28,raw,3,-1.8430805206298828,0.9999296404756941,0.9017021428267877,0.9999296404756941,0.9017021428267877,0.9999296404756941,0.9973434607187907,0,0.9974136382679154,53,0,118,118,1.3950421816844027e-05,0.049321651458740234,222
qwen,96,raw,3,-4.1983330845832825,0.9997393417421224,0.7999088703329541,0.9997393417421224,0.7999088703329541,0.9997393417421224,0.8924506169219889,2,0.8926833021963758,219,0,146,146,2.490969745849725e-05,0.032924652099609375,253
qwen,196,raw,3,2.775361180305481,0.3627568351345377,0.825317031852118,0.3627568351345377,0.825317031852118,0.3627568351345377,0.11951465159654619,15,0.3294621631380732,272,0,118,118,4.031010394101031e-05,0.06640231609344482,222
qwen,278,raw,3,-0.0527796745300293,0.9561572383758457,0.9473606259541741,0.9561572383758457,0.9473606259541741,0.9561572383758457,0.899127521542656,0,0.9403552945642477,103,0,122,122,2.416285133222118e-05,0.07078194618225098,229
qwen,454,raw,3,4.453447341918945,0.4006301867049844,0.9994240522605025,0.4006301867049844,0.9994240522605025,0.4006301867049844,0.20811692022626307,17,0.5194738867231589,65,0,175,175,1.3950421816844027e-05,0.022640883922576904,293
qwen,474,raw,3,0.057259589433670044,0.9991911622410612,0.999431969735674,0.9991911622410612,0.999431969735674,0.9991911622410612,0.9762591959842913,0,0.9770494704883735,41,0,175,175,1.3950421816844027e-05,0.042107343673706055,293
qwen,2,pmi,1,1.9718880653381348,0.6942405359702067,0.9876991532765351,0.9876991532765351,0.6942405359702067,0.9876991532765351,0.7073494933388971,15,0.7161588536270153,64,0,122,122,1.3950421816844027e-05,0.06590712070465088,222
qwen,26,pmi,1,3.4538527727127075,0.39554992577693127,0.9711920545623824,0.9711920545623824,0.39554992577693127,0.9711920545623824,0.7735714711942472,6,0.7965175039892776,114,0,121,121,1.3950421816844027e-05,0.05839073657989502,222
qwen,28,pmi,1,-1.8430805206298828,0.9997603836897256,0.999930166681339,0.999930166681339,0.9997603836897256,0.999930166681339,0.8998050660163432,3,0.89986790677863,91,0,121,121,1.3950421816844027e-05,0.10469436645507812,222
qwen,96,pmi,1,-4.1983330845832825,0.9791828294595083,0.904124236350317,0.904124236350317,0.9791828294595083,0.904124236350317,0.7130316847711997,3,0.7886434807339071,135,0,135,135,2.490969745849725e-05,0.05623352527618408,253
qwen,196,pmi,1,2.775361180305481,0.4251207737951307,0.8876809705127109,0.8876809705127109,0.4251207737951307,0.8876809705127109,0.642391943895781,35,0.7236743438633649,58,0,121,121,4.031010394101031e-05,0.012470841407775879,222
qwen,278,pmi,1,-0.0527796745300293,0.982708635288555,0.9739120228668834,0.9739120228668834,0.982708635288555,0.9739120228668834,0.8400761147600422,1,0.8625790574872755,73,0,119,119,2.416285133222118e-05,0.03383833169937134,229
qwen,454,pmi,1,4.453447341918945,0.4912171424181117,0.9996281105673218,0.9996281105673218,0.4912171424181117,0.9996281105673218,0.9314723770908664,0,0.9318189106969242,45,0,167,167,1.3950421816844027e-05,0.03778904676437378,293
qwen,474,pmi,1,0.057259589433670044,0.9999760341013657,0.9999010170109579,0.9999010170109579,0.9999760341013657,0.9999010170109579,0.9503840585414054,0,0.9504781397086929,57,0,167,167,1.3950421816844027e-05,0.012470841407775879,293
qwen,2,pmi,2,1.9718880653381348,0.7416550480388664,0.9826499389277564,0.9826499389277564,0.7416550480388664,0.9826499389277564,0.797051665392724,6,0.8111247289776939,75,0,121,121,1.3950421816844027e-05,0.05274057388305664,222
qwen,26,pmi,2,3.4538527727127075,0.5111131003132096,0.9769902859364186,0.9769902859364186,0.5111131003132096,0.9769902859364186,0.7881415588809205,5,0.8067035775340471,147,0,121,121,1.3950421816844027e-05,0.06691336631774902,222
qwen,28,pmi,2,-1.8430805206298828,0.9999623044027579,0.9973797617485752,0.9973797617485752,0.9999623044027579,0.9973797617485752,0.815248521084005,1,0.8173902783577006,102,0,121,121,1.3950421816844027e-05,0.03882235288619995,222
qwen,96,pmi,2,-4.1983330845832825,0.966687909188792,0.9769468333999158,0.9769468333999158,0.966687909188792,0.9769468333999158,0.7600023047569083,7,0.7779361975226335,118,0,143,143,2.490969745849725e-05,0.012470841407775879,253
qwen,196,pmi,2,2.775361180305481,0.41889729370941986,0.881457490427,0.881457490427,0.41889729370941986,0.881457490427,0.5578371230904404,47,0.6328576580819686,44,0,121,121,4.031010394101031e-05,0.029456734657287598,222
qwen,278,pmi,2,-0.0527796745300293,0.99649341970552,0.9965265963275359,0.9965265963275359,0.99649341970552,0.9965265963275359,0.8257552463414888,4,0.8286334247220448,62,0,118,118,2.416285133222118e-05,0.0320165753364563,229
qwen,454,pmi,2,4.453447341918945,0.48748354789238335,0.9986425004772359,0.9986425004772359,0.48748354789238335,0.9986425004772359,0.9761243167421245,0,0.9774512062881859,70,0,149,149,1.3950421816844027e-05,0.051928579807281494,293
qwen,474,pmi,2,0.057259589433670044,0.999067744839856,0.9993554278445326,0.9993554278445326,0.999067744839856,0.9993554278445326,0.9895479621893309,0,0.9901862086481534,56,0,149,149,1.3950421816844027e-05,0.016492843627929688,293
qwen,2,pmi,3,1.9718880653381348,0.6418679986630116,0.9638899688248161,0.9638899688248161,0.6418679986630116,0.9638899688248161,0.7744058796593377,8,0.8034173035367312,80,0,118,118,1.3950421816844027e-05,0.03744494915008545,222
qwen,26,pmi,3,3.4538527727127075,0.4595438748061119,0.9845987642044061,0.9845987642044061,0.4595438748061119,0.9845987642044061,0.7770776355320269,3,0.7892327959196005,113,0,118,118,1.3950421816844027e-05,0.06702107191085815,222
qwen,28,pmi,3,-1.8430805206298828,0.999890871010385,0.9953598586490024,0.9953598586490024,0.999890871010385,0.9953598586490024,0.879577199483777,1,0.8836775884026741,103,0,118,118,1.3950421816844027e-05,0.04201531410217285,222
qwen,96,pmi,3,-4.1983330845832825,0.9911557723018334,0.9161046655046139,0.9161046655046139,0.9911557723018334,0.9161046655046139,0.6809822597365449,5,0.7433454771911269,194,0,146,146,2.490969745849725e-05,0.05144840478897095,253
qwen,196,pmi,3,2.775361180305481,0.27825210733456657,0.7408123040521466,0.7408123040521466,0.27825210733456657,0.7408123040521466,0.5574657122294109,10,0.7525060115499516,145,0,118,118,4.031010394101031e-05,0.04909795522689819,222
qwen,278,pmi,3,-0.0527796745300293,0.9777042189019217,0.96890760648025,0.96890760648025,0.9777042189019217,0.96890760648025,0.8448108037312827,2,0.8719209118403213,75,0,122,122,2.416285133222118e-05,0.09395802021026611,229
qwen,454,pmi,3,4.453447341918945,0.3600593560689952,0.9997402369060615,0.9997402369060615,0.3600593560689952,0.9997402369060615,0.9483362337801101,0,0.9485826405416735,61,0,175,175,1.3950421816844027e-05,0.011650919914245605,293
qwen,474,pmi,3,0.057259589433670044,0.9995031617030891,0.9997231445452187,0.9997231445452187,0.9995031617030891,0.9997231445452187,0.9892383712652194,0,0.9895123231494566,118,0,175,175,1.3950421816844027e-05,0.11298036575317383,293
llava,2,raw,1,-1.1898174285888672,0.999866364149002,0.9865023461548058,0.999866364149002,0.9865023461548058,0.999866364149002,0.9942582845687866,0,0.994391170879132,62,0,121,121,2.782623232633341e-05,0.22743237018585205,222
llava,26,raw,1,-1.0256848335266113,0.9976376776133213,0.9290850742890671,0.9976376776133213,0.9290850742890671,0.9976376776133213,0.8407738650883282,1,0.8427647471171466,69,0,120,120,2.782623232633341e-05,0.2648962736129761,222
llava,28,raw,1,4.609247207641602,0.8989973118131583,0.9992564648568808,0.8989973118131583,0.9992564648568808,0.8989973118131583,0.36460564037164056,20,0.4055692220439229,123,0,120,120,2.782623232633341e-05,0.25807809829711914,222
llava,96,raw,1,1.716181755065918,0.8267139505609694,0.9998739331136108,0.8267139505609694,0.9998739331136108,0.8267139505609694,0.6965666728999775,7,0.8425727815858436,77,0,136,136,3.48673747794237e-05,0.1649608612060547,253
llava,196,raw,1,-0.06451988220214844,0.9984337267753957,0.9984381593562461,0.9984337267753957,0.9984381593562461,0.9984337267753957,0.9594394217382323,0,0.9609445234155883,46,0,121,121,4.5514661906054243e-05,0.23471826314926147,222
llava,278,raw,1,2.143124580383301,0.8870684362655124,0.9998151543706092,0.8870684362655124,0.9998151543706092,0.8870684362655124,0.42865894565675977,25,0.48323097534771936,84,0,119,119,2.994129499711562e-05,0.30592525005340576,229
llava,454,raw,1,0.11950206756591797,0.9949379507049629,0.9973324462008557,0.9949379507049629,0.9973324462008557,0.9949379507049629,0.9360222550653625,0,0.940784552847888,143,0,167,167,2.2720023480360396e-05,0.2518230676651001,293
llava,474,raw,1,1.024472713470459,0.9042498322205875,0.9982568523311507,0.9042498322205875,0.9982568523311507,0.9042498322205875,0.803583585497191,8,0.8886742986988584,113,0,167,167,2.2720023480360396e-05,0.162395179271698,293
llava,2,raw,2,-1.1898174285888672,0.9999603059914735,0.9971997046971822,0.9999603059914735,0.9971997046971822,0.9999603059914735,0.9997917215029398,0,0.9998314088194066,44,0,121,121,2.782623232633341e-05,0.4209756851196289,222
llava,26,raw,2,-1.0256848335266113,0.9975511055808884,0.9132470361463301,0.9975511055808884,0.9132470361463301,0.9975511055808884,0.8990319388227779,0,0.901238977926107,84,0,121,121,2.782623232633341e-05,0.29237669706344604,222
llava,28,raw,2,4.609247207641602,0.7424723029628889,0.9993449268308845,0.7424723029628889,0.9993449268308845,0.7424723029628889,0.1826427661262833,24,0.24599269952216973,76,0,121,121,2.782623232633341e-05,0.3305758237838745,222
llava,96,raw,2,1.716181755065918,0.8858472936748674,0.9998212318489518,0.8858472936748674,0.9998212318489518,0.8858472936748674,0.7218695410548148,3,0.8148916254631159,102,0,144,144,3.48673747794237e-05,0.3454081416130066,253
llava,196,raw,2,-0.06451988220214844,0.9992911366371062,0.9992731152712047,0.9992911366371062,0.9992731152712047,0.9992911366371062,0.9709839345635594,0,0.9716727177538985,65,0,121,121,4.5514661906054243e-05,0.3906092047691345,222
llava,278,raw,2,2.143124580383301,0.7199952179861555,0.9983489432709707,0.7199952179861555,0.9983489432709707,0.7199952179861555,0.4859670990592701,20,0.6749587871132424,69,0,118,118,2.994129499711562e-05,0.18239009380340576,229
llava,454,raw,2,0.11950206756591797,0.998211630375312,0.9995964133563167,0.998211630375312,0.9995964133563167,0.998211630375312,0.961663855152868,0,0.9633867467475783,96,0,158,158,2.2720023480360396e-05,0.3884403705596924,293
llava,474,raw,2,1.024472713470459,0.9425850960853022,0.9997971908224321,0.9425850960853022,0.9997971908224321,0.9425850960853022,0.8490770202176698,0,0.900796144288738,92,0,149,149,2.2720023480360396e-05,0.31827211380004883,293
llava,2,raw,3,-1.1898174285888672,0.9997659135867167,0.974361344142719,0.9997659135867167,0.974361344142719,0.9997659135867167,0.9977466564278703,0,0.9979802700498137,50,0,118,118,2.782623232633341e-05,0.4860268235206604,222
llava,26,raw,3,-1.0256848335266113,0.9983685129397624,0.9291191032161942,0.9983685129397624,0.9291191032161942,0.9983685129397624,0.9311122236488102,0,0.9326338036313749,69,0,117,117,2.782623232633341e-05,0.2818605303764343,222
llava,28,raw,3,4.609247207641602,0.7631399074384758,0.9981932279852417,0.7631399074384758,0.9981932279852417,0.7631399074384758,0.18386848767598474,12,0.2409368005575153,117,0,117,117,2.782623232633341e-05,0.23089861869812012,222
llava,96,raw,3,1.716181755065918,0.8774552329177128,0.9999107290869174,0.8774552329177128,0.9999107290869174,0.8774552329177128,0.7221896993941155,2,0.8230501936750567,61,0,147,147,3.48673747794237e-05,0.44366514682769775,253
llava,196,raw,3,-0.06451988220214844,0.9993840061329506,0.9996943463971308,0.9993840061329506,0.9996943463971308,0.9993840061329506,0.9977993766466776,0,0.9984143937900261,61,0,118,118,4.5514661906054243e-05,0.4041498303413391,222
llava,278,raw,3,2.143124580383301,0.6708980395934468,0.998885424246434,0.6708980395934468,0.998885424246434,0.6708980395934468,0.40264336516459787,10,0.6001558230943603,64,0,122,122,2.994129499711562e-05,0.2924652695655823,229
llava,454,raw,3,0.11950206756591797,0.9998454252878824,0.9999433610083978,0.9998454252878824,0.9999433610083978,0.9998454252878824,0.8908294507464452,1,0.8909671717405231,80,0,182,182,2.2720023480360396e-05,0.27395784854888916,293
llava,474,raw,3,1.024472713470459,0.8685926727196192,0.999529904133902,0.8685926727196192,0.999529904133902,0.8685926727196192,0.8120256776967011,0,0.9348751183384921,60,0,187,187,2.2720023480360396e-05,0.29019153118133545,293
llava,2,pmi,1,-1.1898174285888672,0.9996846269916845,0.9987382847625572,0.9987382847625572,0.9996846269916845,0.9987382847625572,0.9190394481023153,0,0.9202004790682579,132,0,121,121,2.782623232633341e-05,0.3698081970214844,222
llava,26,pmi,1,-1.0256848335266113,0.9973833378370818,0.9913579897658603,0.9913579897658603,0.9973833378370818,0.9913579897658603,0.633374221063591,20,0.6388955630580854,69,0,120,120,2.782623232633341e-05,0.26109498739242554,222
llava,28,pmi,1,4.609247207641602,0.6111937211798475,0.9997367414984258,0.9997367414984258,0.6111937211798475,0.9997367414984258,0.9765046437581381,0,0.9767617846019473,63,0,120,120,2.782623232633341e-05,0.30685365200042725,222
llava,96,pmi,1,1.716181755065918,0.8089138179114371,0.9996017493278142,0.9996017493278142,0.8089138179114371,0.9996017493278142,0.9688060842798004,0,0.9691920656714312,52,0,138,138,3.48673747794237e-05,0.2681875228881836,253
llava,196,pmi,1,-0.06451988220214844,0.9997488318441866,0.9996490877669851,0.9996490877669851,0.9997488318441866,0.9996490877669851,0.9338624048698413,0,0.934190223647282,80,0,121,121,4.5514661906054243e-05,0.27890121936798096,222
llava,278,pmi,1,2.143124580383301,0.6976906515798886,0.9987686871614693,0.9987686871614693,0.6976906515798886,0.9987686871614693,0.9394640898253372,0,0.9406222901273793,64,0,119,119,2.994129499711562e-05,0.3992459774017334,229
llava,454,pmi,1,0.11950206756591797,0.9925262936146186,0.9966696728618478,0.9966696728618478,0.9925262936146186,0.9966696728618478,0.8963851624923898,1,0.8993803934241321,91,0,167,167,2.2720023480360396e-05,0.3778904676437378,293
llava,474,pmi,1,1.024472713470459,0.8794099407798194,0.9988652608093548,0.9988652608093548,0.8794099407798194,0.9988652608093548,0.9749976045306904,0,0.9761052293886715,78,0,167,167,2.2720023480360396e-05,0.23089861869812012,293
llava,2,pmi,2,-1.1898174285888672,0.9996985834282083,0.9997912704407632,0.9997912704407632,0.9996985834282083,0.9997912704407632,0.9243718783060709,0,0.9245648623222693,58,0,121,121,2.782623232633341e-05,0.11059188842773438,222
llava,26,pmi,2,-1.0256848335266113,0.9993810040635747,0.9825461695681106,0.9825461695681106,0.9993810040635747,0.9825461695681106,0.72371363881472,10,0.7365695997093313,63,0,121,121,2.782623232633341e-05,0.2672378420829773,222
llava,28,pmi,2,4.609247207641602,0.575459528255749,0.9998238398148134,0.9998238398148134,0.575459528255749,0.9998238398148134,0.9584435138616476,0,0.9586123831965937,61,0,121,121,2.782623232633341e-05,0.41265296936035156,222
llava,96,pmi,2,1.716181755065918,0.8140820788614679,0.9999744381672152,0.9999744381672152,0.8140820788614679,0.9999744381672152,0.9817349910736084,0,0.9817600866607784,156,0,144,144,3.48673747794237e-05,0.4147292375564575,253
llava,196,pmi,2,-0.06451988220214844,0.9993401997619205,0.9986996838638376,0.9986996838638376,0.9993401997619205,0.9986996838638376,0.9730226673163451,0,0.9742895517417695,90,0,122,122,4.5514661906054243e-05,0.33248770236968994,222
llava,278,pmi,2,2.143124580383301,0.7109848490795541,0.9982762354950717,0.9982762354950717,0.7109848490795541,0.9982762354950717,0.9224032347552813,0,0.9239959862390564,97,0,118,118,2.994129499711562e-05,0.20478856563568115,229
llava,454,pmi,2,0.11950206756591797,0.9967203886842565,0.9969537261538673,0.9969537261538673,0.9967203886842565,0.9969537261538673,0.946663251305603,0,0.949555858482741,117,0,149,149,2.2720023480360396e-05,0.4411959648132324,293
llava,474,pmi,2,1.024472713470459,0.876100327238966,0.9998818267734384,0.9998818267734384,0.876100327238966,0.9998818267734384,0.9759289119837634,0,0.9760442542825589,54,0,149,149,2.2720023480360396e-05,0.4125251770019531,293
llava,2,pmi,3,-1.1898174285888672,0.9998202441153942,0.9977602035075694,0.9977602035075694,0.9998202441153942,0.9977602035075694,0.9544070094555348,0,0.9565494856383038,55,0,130,130,2.782623232633341e-05,0.4301029443740845,222
llava,26,pmi,3,-1.0256848335266113,0.9989705029371623,0.9027828805976443,0.9027828805976443,0.9989705029371623,0.9027828805976443,0.7677276099587346,1,0.8504011611856188,69,0,117,117,2.782623232633341e-05,0.345231294631958,222
llava,28,pmi,3,4.609247207641602,0.5958429884624196,0.99947265372262,0.99947265372262,0.5958429884624196,0.99947265372262,0.9654767513275146,0,0.9659861605332725,52,0,117,117,2.782623232633341e-05,0.341808021068573,222
llava,96,pmi,3,1.716181755065918,0.8335115414834305,0.9990698012752809,0.9990698012752809,0.8335115414834305,0.9990698012752809,0.9727984093551736,0,0.9737041477116286,89,0,147,147,3.48673747794237e-05,0.3629639148712158,253
llava,196,pmi,3,-0.06451988220214844,0.999735963595164,0.9998177250584325,0.9998177250584325,0.999735963595164,0.9998177250584325,0.9589297637209162,0,0.9591045844530045,69,0,118,118,4.5514661906054243e-05,0.3129323720932007,222
llava,278,pmi,3,2.143124580383301,0.6753518884185447,0.9974996162987866,0.9974996162987866,0.6753518884185447,0.9974996162987866,0.8288355271021525,2,0.8309131287463942,85,0,130,130,2.994129499711562e-05,0.4319964647293091,229
llava,454,pmi,3,0.11950206756591797,0.998886255070618,0.9993130366685582,0.9993130366685582,0.998886255070618,0.9993130366685582,0.9243254772767815,0,0.9249608914922544,95,0,175,175,2.2720023480360396e-05,0.4212492108345032,293
llava,474,pmi,3,1.024472713470459,0.8834044361684102,0.9999526408887696,0.9999526408887696,0.8834044361684102,0.9999526408887696,0.9679559066433956,0,0.9680017503459615,83,0,175,175,2.2720023480360396e-05,0.41872119903564453,293
