sut,seed,arm,a_word,t_word,d0,floor_own_mean,floor_own_min,floor_own_max,floor_raw_mean,floor_pmi_mean,floor_pmi_min,floor_pmi_max,reached_own_k,reached_evid_k,crossed_raw_k,gen_reach_own_mean,gen_reach_own_min,gen_reach_own_max,gen_reach_own_n,gen_reach_evid_mean,gen_reach_evid_min,gen_reach_evid_max,gen_reach_evid_n,gen_cross_behav_mean,gen_cross_behav_min,gen_cross_behav_max,gen_cross_behav_n
llava,2,pmi,sparrow,flightless bird,-1.1898174285888672,0.0012935797373453777,0.00046706199645996094,0.002315521240234375,0.0012037356694539387,0.0012935797373453777,0.00046706199645996094,0.002315521240234375,3,3,3,1.6666666666666667,0.0,3.0,3,1.6666666666666667,0.0,3.0,3,0.0,0.0,0.0,3
llava,2,raw,sparrow,flightless bird,-1.1898174285888672,0.0006897449493408203,0.0001728534698486328,0.001101374626159668,0.0006897449493408203,0.07668725649515788,0.006427764892578125,0.1443183422088623,3,3,3,0.0,0.0,0.0,3,7.666666666666667,0.0,22.0,3,0.0,0.0,0.0,3
llava,26,pmi,sparrow,constrictor,-1.025684833526611,0.2035296360651652,0.006865382194519043,0.5394268035888672,0.002146482467651367,0.2035296360651652,0.006865382194519043,0.5394268035888672,2,2,3,28.5,21.0,36.0,2,28.5,21.0,36.0,2,14.666666666666666,8.0,24.0,3
llava,26,raw,sparrow,constrictor,-1.025684833526611,0.0028516451517740884,0.0015130043029785156,0.003784656524658203,0.0028516451517740884,0.4038151105244952,0.32424545288085915,0.4871234893798826,3,0,3,2.3333333333333335,2.0,3.0,3,,,,0,3.3333333333333335,2.0,6.0,3
llava,28,pmi,sparrow,snake,4.609247207641602,0.00185394287109375,0.0008957386016845703,0.0031027793884277344,2.4169958432515464,0.00185394287109375,0.0008957386016845703,0.0031027793884277344,3,3,0,0.0,0.0,0.0,3,0.0,0.0,0.0,3,,,,0
llava,28,raw,sparrow,snake,4.609247207641602,1.0783406297365825,0.5358511805534363,1.4519776105880737,1.0783406347036362,0.0033656557401021323,0.0007395744323730469,0.0052797794342041016,0,3,0,,,,0,0.0,0.0,0.0,3,,,,0
llava,96,pmi,flightless bird,lizard,1.716181755065918,0.00033322970072428387,8.33272933959961e-05,0.0007635354995727539,1.0799906651178997,0.00033322970072428387,8.33272933959961e-05,0.0007635354995727539,3,3,0,0.0,0.0,0.0,3,0.0,0.0,0.0,3,,,,0
llava,96,raw,flightless bird,lizard,1.716181755065918,0.8125466505686442,0.6776649951934814,1.0341554880142212,0.8125466605027517,0.0004966259002685547,9.310245513916016e-05,0.000893712043762207,0,3,0,,,,0,0.0,0.0,0.0,3,,,,0
llava,196,pmi,iguana,constrictor,-0.0645198822021484,0.002039353052775065,0.000989675521850586,0.0030508041381835938,0.0009114742279052734,0.002039353052775065,0.000989675521850586,0.0030508041381835938,3,3,3,0.3333333333333333,0.0,1.0,3,0.3333333333333333,0.0,1.0,3,3.0,2.0,4.0,3
llava,196,raw,iguana,constrictor,-0.0645198822021484,0.0013993183771769206,0.0009816884994506836,0.002222776412963867,0.0013993183771769206,0.0006409088770548919,0.00035214424133304945,0.0009039640426636159,3,3,3,0.0,0.0,0.0,3,0.0,0.0,0.0,3,1.0,0.0,3.0,3
llava,278,pmi,constrictor,lizard,2.143124580383301,0.0026900370915730796,4.565715789794922e-05,0.007244586944580078,1.8062499364217122,0.0026900370915730796,4.565715789794922e-05,0.007244586944580078,3,3,0,6.666666666666667,6.0,7.0,3,6.666666666666667,6.0,7.0,3,,,,0
llava,278,raw,constrictor,lizard,2.143124580383301,1.434173583984375,0.6631225347518921,1.96894371509552,1.4341735740502675,0.0039187222719192505,0.0008846521377563477,0.006316781044006348,0,3,0,,,,0,11.333333333333334,8.0,16.0,3,,,,0
llava,454,pmi,marimba,constrictor,0.1195020675659179,0.0005412101745605469,0.00038743019104003906,0.0008046627044677734,0.007569948832194011,0.0005412101745605469,0.00038743019104003906,0.0008046627044677734,3,3,3,1.0,1.0,1.0,3,1.0,1.0,1.0,3,2.6666666666666665,2.0,4.0,3
llava,454,raw,marimba,constrictor,0.1195020675659179,0.004271785418192546,0.0009274482727050781,0.005991935729980469,0.004271785418192546,0.00019109249114992546,3.051757812506939e-05,0.0004305839538573525,3,3,3,1.0,0.0,2.0,3,0.3333333333333333,0.0,1.0,3,5.666666666666667,2.0,11.0,3
llava,474,pmi,marimba,string instrument,1.024472713470459,0.0009425083796183268,7.49826431274414e-05,0.00205230712890625,0.7142799297968546,0.0009425083796183268,7.49826431274414e-05,0.00205230712890625,3,3,0,0.0,0.0,0.0,3,0.0,0.0,0.0,3,,,,0
llava,474,raw,marimba,string instrument,1.024472713470459,0.5479147434234619,0.33393633365631104,0.7811912298202515,0.5479147434234619,0.001504341761271159,0.0005120038986206055,0.002286195755004883,0,3,0,,,,0,0.0,0.0,0.0,3,,,,0
qwen,2,pmi,sparrow,flightless bird,1.9718880653381348,0.01089326540629069,5.412101745605469e-05,0.02521681785583496,1.6916910807291667,0.01089326540629069,5.412101745605469e-05,0.02521681785583496,3,3,0,21.333333333333332,6.0,40.0,3,21.333333333333332,6.0,40.0,3,,,,0
qwen,2,raw,sparrow,flightless bird,1.9718880653381348,1.514542818069458,0.5106923580169678,2.0287575721740723,1.514542857805888,0.01915299892425537,0.0028238296508789062,0.03960704803466797,0,3,0,,,,0,14.0,5.0,26.0,3,,,,0
qwen,26,pmi,sparrow,constrictor,3.4538527727127075,0.05306414763132731,0.0007834434509277344,0.14547276496887207,3.125980257987976,0.05306414763132731,0.0007834434509277344,0.14547276496887207,3,3,0,18.0,13.0,27.0,3,18.0,13.0,27.0,3,,,,0
qwen,26,raw,sparrow,constrictor,3.4538527727127075,2.5772793292999268,1.864821434020996,3.021516799926758,2.5772793690363565,0.005806684494018555,0.0033904314041137695,0.01020514965057373,0,3,0,,,,0,12.0,1.0,19.0,3,,,,0
qwen,28,pmi,sparrow,snake,-1.8430805206298828,0.0010198503732681274,0.00022405385971069336,0.0024421364068984985,0.0005872050921122233,0.0010198503732681274,0.00022405385971069336,0.0024421364068984985,3,3,3,3.6666666666666665,2.0,6.0,3,3.6666666666666665,2.0,6.0,3,0.0,0.0,0.0,3
qwen,28,raw,sparrow,snake,-1.8430805206298828,0.0002994537353515625,8.273124694824219e-05,0.00045877695083618164,0.0002994537353515625,0.6263166964054108,0.5829936861991882,0.6933194696903229,3,0,3,0.0,0.0,0.0,3,,,,0,0.0,0.0,0.0,3
qwen,96,pmi,flightless bird,lizard,-4.1983330845832825,0.396360844373703,0.12643441557884216,0.5689190626144409,0.12337750196456909,0.396360844373703,0.12643441557884216,0.5689190626144409,1,1,3,11.0,11.0,11.0,1,11.0,11.0,11.0,1,0.0,0.0,0.0,3
qwen,96,raw,flightless bird,lizard,-4.1983330845832825,0.00020241737365722656,4.315376281738281e-05,0.0003676414489746094,0.00020241737365722656,1.2252402504285176,1.1403153538703918,1.2781370282173157,3,0,3,3.3333333333333335,1.0,7.0,3,,,,0,0.0,0.0,0.0,3
qwen,196,pmi,iguana,constrictor,2.775361180305481,0.9562401374181112,0.6427435278892517,1.5452308654785156,3.7316013177235923,0.9562401374181112,0.6427435278892517,1.5452308654785156,0,0,0,,,,0,,,,0,,,,0
qwen,196,raw,iguana,constrictor,2.775361180305481,3.9406705697377524,3.645819664001465,4.356059551239014,3.9406705796718597,1.1561178863048553,0.86126708984375,1.571506828069687,0,0,0,,,,0,,,,0,,,,0
qwen,278,pmi,constrictor,lizard,-0.0527796745300293,0.10859409968058269,4.76837158203125e-07,0.1725773811340332,0.07465012868245442,0.10859409968058269,4.76837158203125e-07,0.1725773811340332,3,3,1,17.0,4.0,37.0,3,17.0,4.0,37.0,3,20.0,20.0,20.0,1
qwen,278,raw,constrictor,lizard,-0.0527796745300293,0.13187328974405924,0.026984691619873047,0.2615976333618164,0.13187328974405924,0.21162239710489902,0.10673379898071285,0.3413467407226562,3,2,0,17.333333333333332,9.0,29.0,3,18.5,14.0,23.0,2,,,,0
qwen,454,pmi,marimba,constrictor,4.453447341918945,0.0004093448321024577,0.00016829371452331543,0.0006025433540344238,3.2911691268285117,0.0004093448321024577,0.00016829371452331543,0.0006025433540344238,3,3,0,0.6666666666666666,0.0,1.0,3,0.6666666666666666,0.0,1.0,3,,,,0
qwen,454,raw,marimba,constrictor,4.453447341918945,2.8973172505696616,2.224987268447876,3.5808496475219727,2.8973172108332315,0.0008821288744608561,0.0006537437438964844,0.0010512471199035645,0,3,0,,,,0,0.3333333333333333,0.0,1.0,3,,,,0
qwen,474,pmi,marimba,string instrument,0.05725958943367,0.0005654493967692057,0.0002543032169342041,0.0010051131248474121,0.0008823176225026449,0.0005654493967692057,0.0002543032169342041,0.0010051131248474121,3,3,3,0.0,0.0,0.0,3,0.0,0.0,0.0,3,2.6666666666666665,0.0,4.0,3
qwen,474,raw,marimba,string instrument,0.05725958943367,0.0004099706808725993,0.00015369057655334473,0.0007053613662719727,0.0004099706808725993,0.00021013617515565323,1.7493963241617914e-05,0.00034737586975101733,3,3,3,0.0,0.0,0.0,3,0.0,0.0,0.0,3,1.3333333333333333,0.0,3.0,3
