seed,anchor,target,a_word,t_word,d0_gray,d0_black,d0_white,d0_noise,d0_null_mean,d0_null_std,d0_null_range,d0_null_cv,raw_floor,pmi_floor,gap_med,explained_frac
0,junco,ostrich,sparrow,ratite,3.508028149604798,3.051242470741272,2.376053214073181,3.965176463127136,3.2251250743865967,0.677954863731423,1.5891232490539546,0.21021040985840425,0.4454169273376465,0.0003251135349273,3.8246290795505047,0.9992700916490296
1,junco,ostrich,sparrow,ratite,3.508028149604798,3.051242470741272,2.376053214073181,3.965176463127136,3.2251250743865967,0.677954863731423,1.5891232490539546,0.21021040985840425,2.729616403579712,0.0003751516342163,4.864185728132725,0.9998625625074188
320,cello,junco,cello,sparrow,-0.3563307523727417,-0.0335375666618347,-0.5567094087600708,-1.5254317671060562,-0.6180023737251759,0.6421983285669638,1.4918942004442215,1.039151880106771,0.0002001821994781,0.0043859779834747,1.360988162457943,-20.90993002828644
338,cello,ostrich,cello,ratite,-0.1272212862968444,0.2627221345901489,-0.1214076876640319,-1.1050679683685305,-0.27274370193481445,0.5841137758029336,1.3677901029586794,2.1416214990824476,0.3193519115447998,0.4465731978416443,2.2479950077831745,-0.3983733358019917
394,cello,marimba,cello,percussion instrument,4.630634605884552,4.830125868320465,4.767646908760071,3.751576781272888,4.494996041059494,0.502566915235279,1.078549087047577,0.11180586381936419,5.219325706362724,0.5886911004781723,5.793361146003008,0.8872093573772343
282,boa constrictor,green iguana,snake,lizard,-0.592982679605484,-0.0815008282661438,-0.373648464679718,-1.2401638180017471,-0.5720739476382732,0.49221130546835856,1.1586629897356033,0.8603980438200055,0.0020277798175811,0.0753446221351623,0.8238590583205223,-36.15621463529342
472,marimba,cello,marimba,cello,1.1180991232395172,1.4514466226100922,1.71249857544899,0.6003568172454834,1.2206002846360207,0.4797438230239928,1.1121417582035067,0.3930392521308079,0.433512270450592,0.0003148913383483,1.803957600146532,0.9992736276229942
44,junco,cello,sparrow,cello,-0.3490551710128784,-0.5225365161895752,-0.4938476681709289,0.4747695326805115,-0.22266745567321777,0.4711165349174822,0.9973060488700867,2.115785324321859,0.0022644698619842,0.0169564485549926,2.686023468151689,-6.488043378124054
310,boa constrictor,marimba,snake,percussion instrument,4.036033630371094,4.272901356220245,4.103391408920288,3.2238943576812744,3.9090551882982254,0.4675180884629559,1.049006998538971,0.11959874341566562,4.151951789855957,0.1159181594848632,5.177317328751087,0.9720810439639318
80,ostrich,junco,ratite,sparrow,0.1183943152427673,0.1812238693237304,-0.1364550590515136,-0.7882872521877289,-0.1562810316681862,0.44316326425664315,0.9695111215114594,2.8356817172640727,0.0027762055397033,0.0043357014656066,1.9655279479920864,-0.5617364793782339
276,boa constrictor,green iguana,constrictor,iguana,1.391401290893555,1.4153623580932615,1.103285789489746,0.4795689582824707,1.0974045991897583,0.4356170561224537,0.9357933998107908,0.3969520962861654,0.9245672225952148,0.0014057159423828,2.034334421157837,0.9984795957416304
398,cello,marimba,string instrument,percussion instrument,5.1956926882267,5.437871754169464,5.423043340444565,4.520431309938431,5.14425977319479,0.43040119619484196,0.9174404442310333,0.083666302863929,4.9203126430511475,0.0001208037137985,5.586930548772216,0.999975447959802
324,cello,junco,cello,bird,-1.2303959131240845,-1.0679689645767212,-1.449208714067936,-2.0479077007621527,-1.4488703231327236,0.42882117760359406,0.9799387361854315,0.29596932917806196,4.303455352783203e-05,0.3237433135509491,0.2434238195419311,-7521.869113573407
322,cello,junco,cello,songbird,-0.6485679745674133,-0.5253787338733673,-0.8596848249435425,-1.414303593337536,-0.8619837816804647,0.3932394200678574,0.8889248594641688,0.45620280616095193,0.0006570219993591,0.2085945308208465,0.7992020845413208,-316.4848498593849
393,cello,marimba,cello,marimba,-0.9003267288208008,-0.6783927977085114,-0.7805443108081818,-1.5342608243227005,-0.9733811654150486,0.3847627546334252,0.8558680266141891,0.39528477466416023,0.2570990920066833,1.157425820827484,1.6408151714131236,-3.5018666219069985
392,cello,marimba,cello,marimba,-0.9003267288208008,-0.6783927977085114,-0.7805443108081818,-1.5342608243227005,-0.9733811654150486,0.3847627546334252,0.8558680266141891,0.39528477466416023,0.4215256422758102,1.321852371096611,1.3932162318378687,-2.1358765363832934
240,boa constrictor,junco,constrictor,sparrow,-3.281009793281555,-2.9539549350738525,-3.262143611907959,-3.867599844932556,-3.3411770462989807,0.381631719694155,0.9136449098587036,0.11422074149494357,0.0004258155822753,0.2692316770553589,-0.3024330139160156,-631.2729563269877
96,ostrich,green iguana,flightless bird,lizard,-4.25820928812027,-3.9587782621383663,-4.013558804988861,-4.780624553561211,-4.252792727202177,0.37519468335519635,0.8218462914228444,0.088223129463925,0.0001239776611328,0.9767654538154602,-0.7544237375259399,-7877.560096153846
88,ostrich,green iguana,ratite,iguana,1.6171069741249084,1.631875976920128,1.5122598707675934,0.901588261127472,1.4157077707350254,0.34685804525346997,0.7302877157926561,0.24500681032031332,0.9168293550610542,0.0002950802445411,2.4424471789970994,0.9996781513998082
454,marimba,boa constrictor,marimba,constrictor,4.411278992891312,4.4753492176532745,4.495982974767685,3.8380938172340393,4.305176250636578,0.31346974132767663,0.6578891575336456,0.07281228992223628,2.041590929031372,0.0003227293491363,4.762102849781513,0.9998419226180196
86,ostrich,junco,flightless bird,songbird,-3.681031465530395,-3.5703777074813843,-3.70408296585083,-4.172791481018066,-3.782070904970169,0.26693798616945463,0.6024137735366821,0.07057984709346958,0.0984027385711669,1.2373857498168943,-0.8080965280532837,-11.57470846628918
278,boa constrictor,green iguana,constrictor,lizard,-0.0797491073608398,0.0505447387695312,-0.0689039230346679,-0.5388579368591309,-0.15924155712127686,0.2598710086498953,0.5894026756286621,1.6319295876514195,0.0003638267517089,0.0001039505004882,0.684194803237915,0.7142857142857143
56,junco,cello,bird,cello,1.0036208033561709,0.9960624873638152,0.9205127358436584,0.5395004749298096,0.8649241253733635,0.2201701496199639,0.4641203284263613,0.2545542934473271,1.6220487281680107,0.6184279248118401,2.9141334570012987,0.6187365311088338
243,boa constrictor,junco,constrictor,songbird,-2.5481154918670654,-2.5172739028930664,-2.583343029022217,-2.9833714962005615,-2.6580259799957275,0.21857013419807683,0.4660975933074951,0.08223024750060123,0.0005121231079101,0.2743525505065918,-0.8576604127883911,-534.7160148975792
242,boa constrictor,junco,constrictor,songbird,-2.5481154918670654,-2.5172739028930664,-2.583343029022217,-2.9833714962005615,-2.6580259799957275,0.21857013419807683,0.4660975933074951,0.08223024750060123,3.814697265625e-05,0.7893474102020264,-0.6352698802947998,-20691.26875
50,junco,cello,songbird,cello,1.0559399724006653,0.9919421672821044,0.824426606297493,0.5707522183656693,0.860765241086483,0.21658609638023518,0.48518775403499603,0.25162040245358175,0.0042586326599121,0.0007505267858505,1.8159262966364624,0.8237634363453141
205,green iguana,cello,iguana,cello,-0.9740155339241028,-0.9413589835166932,-1.098771959543228,-0.5966766476631165,-0.9027057811617851,0.21499994398942066,0.5020953118801115,0.2381727784137098,0.0028496980667114,0.7600720524787903,3.0165080251172185,-265.72020497803805
204,green iguana,cello,iguana,cello,-0.9740155339241028,-0.9413589835166932,-1.098771959543228,-0.5966766476631165,-0.9027057811617851,0.21499994398942066,0.5020953118801115,0.2381727784137098,0.002006709575653,0.8958012461662292,2.8221344500780106,-445.4030356135088
26,junco,boa constrictor,sparrow,constrictor,3.537253975868225,3.3402878046035767,3.623223662376404,3.840469241142273,3.5853086709976196,0.20727513262992928,0.5001814365386963,0.05781235359360413,3.4078325033187866,0.0141417980194091,5.021895043551922,0.995850207424914
244,boa constrictor,junco,constrictor,bird,-4.6907088458538055,-4.776768386363983,-4.967889785766602,-5.154085725545883,-4.897363185882568,0.20666364426771344,0.46337687969207764,0.042198962262683395,0.0019178390502929,0.3016286194324493,-2.4909969568252563,-156.27525174042765
82,ostrich,junco,ratite,songbird,-0.1793395280838012,-0.1606568694114685,-0.1326329112052917,-0.552370011806488,-0.25624983012676233,0.19834440866022787,0.41973710060119634,0.7740274737435351,0.0596729815006256,0.2390125095844268,1.20592138543725,-3.0053723406114887
474,marimba,cello,marimba,string instrument,-0.0058236718177795,0.1608010530471801,-0.1246204674243927,-0.3010182678699493,-0.06766533851623535,0.1946952834225447,0.4618193209171294,2.8773266740671115,0.0017416179180145,0.000787079334259,0.4163234680891037,0.5480757713170998
29,junco,boa constrictor,sparrow,snake,-1.8511478900909424,-1.6919382810592651,-1.8697116672992704,-2.1540337577462196,-1.8917078990489244,0.19222530613047437,0.4620954766869545,0.10161468703869007,0.0002932548522949,0.4277514815330505,0.256755530834198,-1457.6339430894309
28,junco,boa constrictor,sparrow,snake,-1.8511478900909424,-1.6919382810592651,-1.8697116672992704,-2.1540337577462196,-1.8917078990489244,0.19222530613047437,0.4620954766869545,0.10161468703869007,1.0132789611816406e-05,0.786457747220993,0.3344076573848724,-77614.12647058823
2,junco,ostrich,sparrow,flightless bird,1.9891505241394043,2.232210159301758,2.198424816131592,2.418414950370789,2.2095501124858856,0.17591451426630852,0.4292644262313847,0.07961553497802021,2.8478509187698364,0.8587003946304321,4.505828343331814,0.6984742463269958
30,junco,boa constrictor,sparrow,reptile,3.0937113761901855,2.9366716146469116,3.188204288482666,3.3431389331817627,3.1404315531253815,0.17036568867629534,0.4064673185348511,0.05424913289600154,3.0088945627212524,0.0025281906127929,4.29590368270874,0.9991597609819513
198,green iguana,boa constrictor,iguana,snake,-1.5837811566889286,-1.3578657805919647,-1.533698108047247,-1.6931769959628582,-1.5421305103227496,0.13973118620866654,0.3353112153708935,0.09060918338190616,0.7740244269371033,2.357805583626032,2.961436351761222,-2.0461643089948964
354,cello,ostrich,musical instrument,bird,-4.463523417711258,-4.504298657178879,-4.686268478631973,-4.662822559475899,-4.579228278249502,0.11172536449950118,0.22274506092071533,0.0243982954573757,0.0010113716125488,1.217737466096878,-0.1328564882278442,-1203.045526874116
196,green iguana,boa constrictor,iguana,constrictor,2.7845526933670044,2.921236753463745,2.983860969543457,2.8931437730789185,2.8956985473632812,0.08323609070531655,0.19930827617645264,0.028744736147037247,4.205987632274628,1.4214349389076233,5.556245919317007,0.6620449075978616
202,green iguana,boa constrictor,lizard,snake,-1.1835483461618423,-1.232878565788269,-1.1525823920965197,-1.3338439613580704,-1.2257133163511753,0.07930866699697339,0.18126156926155068,0.06470409184512026,0.0067806243896484,0.4025070518255234,2.273664601147175,-58.36135504571027
203,green iguana,boa constrictor,lizard,snake,-1.1835483461618423,-1.232878565788269,-1.1525823920965197,-1.3338439613580704,-1.2257133163511753,0.07930866699697339,0.18126156926155068,0.06470409184512026,0.0050334632396698,0.0117525607347488,2.18508604541421,-1.3348855797980994
302,boa constrictor,marimba,constrictor,marimba,-0.694127082824707,-0.7376832962036133,-0.8446731567382812,-0.8238954544067383,-0.775094747543335,0.07112909258945953,0.15054607391357422,0.09176825519061171,8.678436279296875e-05,0.073981761932373,0.2878303527832031,-851.478021978022
6,junco,ostrich,songbird,flightless bird,3.5442135334014893,3.6582561135292058,3.662375509738922,3.542669355869293,3.6018786281347275,0.06750134471754919,0.1197061538696289,0.018740593919597315,2.6286834478378296,0.0005858540534973,4.086862847208977,0.9997771302383408
462,marimba,boa constrictor,percussion instrument,snake,-5.071595549583435,-5.119479387998581,-5.072762608528137,-5.214749068021774,-5.119646653532982,0.06720991862848699,0.14315351843833923,0.013127843223732357,0.0002179145812988,0.0190188586711883,-1.6459174156188965,-86.27666849015317
478,marimba,cello,percussion instrument,string instrument,-2.8776164054870605,-2.856259822845459,-2.9681637287139893,-2.8416807651519775,-2.8859301805496216,0.056773867782101,0.12648296356201172,0.019672640788311966,0.0044517517089843,0.0015156269073486,-1.784639596939087,0.6595437017994858
212,green iguana,cello,lizard,string instrument,-0.3968055844306946,-0.3858905285596847,-0.4724798798561096,-0.4176353216171264,-0.41820282861590385,0.038506480619804745,0.08658935129642492,0.09207608840726139,0.0028867721557617,0.3251622319221496,1.663541929796338,-111.638689296333
