seed,seed_idx,dir_ts,has_config,has_manifest,has_stats,has_context,has_trace,has_conv,n_pareto_json,n_pareto_png,has_pdq_archive,has_pdq_candidates,has_pdq_stage1_flips,has_pdq_stage2_trajectories,has_pdq_sut_calls,has_pdq_anchors_dir,has_pdq_flips_dir,config_hash,config_schema_version,trace_rows,conv_rows,pdq_archive_rows,pdq_candidates_rows,pdq_stage1_flips_rows,pdq_stage2_trajectories_rows,pdq_sut_calls_rows,stats_schema_version,evo_runtime_s,generations,n_pareto,cache_hits,cache_misses,stats_has_early_stop_key,early_stop_trigger,class_a,class_b,anchor_class_concrete,target_class_concrete,stats_mtime,manifest_mtime,manifest_schema_version,n_anchors,n_distinct_anchor_pa_pb,anchor_labels,n_stage2_sut_calls_total,n_stage1_flips_total,n_stage2_flips_total,pdq_calls,pdq_cache_hit_rate,pdq_sut_wall_s,final_min_TgtBal,gen0_min_TgtBal,tgtbal_longest_plateau,tgtbal_tail_plateau,tgtbal_last_improve_gen,disk_bytes
seed_0000_1779779762,0,1779779762,True,True,True,True,True,True,287,287,True,True,True,True,True,True,True,d22aef0fb4f3669d,5,6000,200,26.0,30.0,26.0,777.0,810.0,4.0,11951.42652463913,200.0,287.0,452.0,5548.0,False,,sparrow,ratite,junco,ostrich,1779792249.93737,1779796697.206904,5.0,3.0,1.0,junco|junco|junco,777.0,26.0,26.0,810.0,0.04691358024691358,928.8109631538391,0.00048542022705078125,1.262213945388794,88.0,88.0,111.0,58632570
seed_0001_1779779762,1,1779779762,True,True,True,True,True,True,868,868,True,True,True,True,True,True,True,d22aef0fb4f3669d,5,6000,200,22.0,30.0,22.0,607.0,640.0,4.0,11976.478414773941,200.0,868.0,1993.0,4007.0,False,,sparrow,ratite,junco,ostrich,1779792875.1040282,1779794022.5842335,5.0,3.0,1.0,junco|junco|junco,607.0,22.0,22.0,640.0,0.0671875,378.5767607688904,0.6406810283660889,1.3767151832580566,72.0,72.0,127.0,88067619
seed_0002_1779796697,2,1779796697,True,True,True,True,True,True,161,161,True,True,True,True,True,True,True,d22aef0fb4f3669d,5,6000,200,27.0,30.0,27.0,810.0,843.0,4.0,10778.781185388565,200.0,161.0,634.0,12176.0,False,,sparrow,ratite,junco,ostrich,1779807634.5277214,1779812703.995408,5.0,3.0,2.0,junco|junco|junco,810.0,27.0,27.0,843.0,0.04151838671411625,1311.2518684864044,0.0649878978729248,1.1958773136138916,100.0,100.0,99.0,39593761
seed_0003_1779794022,3,1779794022,True,True,True,True,True,True,608,608,True,True,True,True,True,True,True,d22aef0fb4f3669d,5,6000,200,24.0,30.0,24.0,715.0,748.0,4.0,10083.260990142822,200.0,608.0,5443.0,7197.0,False,,sparrow,flightless bird,junco,ostrich,1779805245.3125184,1779808731.1953988,5.0,3.0,1.0,junco|junco|junco,715.0,24.0,24.0,748.0,0.020053475935828877,1009.1084427833557,4.57763671875e-05,0.010037779808044434,91.0,64.0,135.0,107085147
seed_0004_1779812704,4,1779812704,True,True,True,True,True,True,432,432,True,True,True,True,True,True,True,d22aef0fb4f3669d,5,6000,200,22.0,30.0,22.0,615.0,648.0,4.0,9624.826970338821,200.0,432.0,3400.0,16253.0,False,,sparrow,flightless bird,junco,ostrich,1779822759.0436566,1779825618.2635238,5.0,3.0,2.0,junco|junco|junco,615.0,22.0,22.0,648.0,0.05864197530864197,793.3253526687622,0.00019621849060058594,0.002635955810546875,105.0,3.0,196.0,47748344
seed_0005_1779808731,5,1779808731,True,True,True,True,True,True,426,426,True,True,True,True,True,True,True,d22aef0fb4f3669d,5,6000,200,24.0,30.0,24.0,706.0,739.0,4.0,9604.449408531189,200.0,426.0,7523.0,11865.0,False,,sparrow,flightless bird,junco,ostrich,1779819142.42795,1779823735.7412584,5.0,3.0,2.0,junco|junco|junco,706.0,24.0,24.0,739.0,0.008119079837618403,917.1630825996399,0.0001773834228515625,0.020749688148498535,172.0,4.0,195.0,79364701
seed_0006_1779825618,6,1779825618,True,True,True,True,True,True,483,483,True,True,True,True,True,True,True,d22aef0fb4f3669d,5,6000,200,25.0,30.0,25.0,729.0,762.0,4.0,11270.676544427872,200.0,483.0,4702.0,21599.0,False,,songbird,ratite,junco,ostrich,1779837360.6797514,1779843581.6438882,5.0,3.0,1.0,junco|junco|junco,729.0,25.0,25.0,762.0,0.031496062992125984,1465.0638265609741,0.0104445219039917,0.47358858585357666,124.0,124.0,75.0,88262011
seed_0007_1779823735,7,1779823735,True,True,True,True,True,True,796,796,True,True,True,True,True,True,True,d22aef0fb4f3669d,5,6000,200,18.0,30.0,18.0,519.0,552.0,4.0,10749.74895143509,200.0,796.0,9581.0,16546.0,False,,songbird,ratite,junco,ostrich,1779835986.5795858,1779838222.1530712,5.0,3.0,1.0,junco|junco|junco,519.0,18.0,18.0,552.0,0.03260869565217391,526.1151306629181,0.028965473175048828,0.9751131534576416,81.0,81.0,118.0,80982242
seed_0008_1779843581,8,1779843581,True,True,True,True,True,True,404,404,True,True,True,True,True,True,True,d22aef0fb4f3669d,5,6000,200,26.0,30.0,26.0,763.0,796.0,4.0,9487.41838645935,200.0,404.0,5839.0,27224.0,False,,songbird,ratite,junco,ostrich,1779853465.093611,1779858298.6649635,5.0,3.0,3.0,junco|junco|junco,763.0,26.0,26.0,796.0,0.04773869346733668,1344.3424861431122,0.0759584903717041,0.9465365409851074,63.0,54.0,145.0,76392106
seed_0009_1779838222,9,1779838222,True,True,True,True,True,True,1009,1009,True,True,True,True,True,True,True,d22aef0fb4f3669d,5,6000,200,28.0,30.0,28.0,811.0,844.0,4.0,8695.549973964691,200.0,1009.0,11728.0,20951.0,False,,songbird,flightless bird,junco,ostrich,1779848815.8308372,1779854570.7397835,5.0,3.0,2.0,junco|junco|junco,811.0,28.0,28.0,844.0,0.0485781990521327,1356.7089397907257,5.245208740234375e-06,0.00575101375579834,142.0,46.0,153.0,169111714
seed_0010_1779858298,10,1779858298,True,True,True,True,True,True,635,635,True,True,True,True,True,True,True,d22aef0fb4f3669d,5,6000,200,23.0,30.0,23.0,650.0,683.0,4.0,10094.595860242844,200.0,635.0,8060.0,31799.0,False,,songbird,flightless bird,junco,ostrich,1779869022.0574808,1779872483.7555642,5.0,3.0,1.0,junco|junco|junco,650.0,23.0,23.0,683.0,0.08052708638360176,1021.0081753730774,8.785724639892578e-05,0.09011805057525635,152.0,152.0,47.0,66684532
seed_0011_1779854570,11,1779854570,True,True,True,True,True,True,649,649,True,True,True,True,True,True,True,d22aef0fb4f3669d,5,6000,200,24.0,30.0,24.0,705.0,738.0,4.0,9940.686174631119,200.0,649.0,13564.0,25959.0,False,,songbird,flightless bird,junco,ostrich,1779865742.8566797,1779870048.7889931,5.0,3.0,1.0,junco|junco|junco,705.0,24.0,24.0,738.0,0.012195121951219513,827.4210753440857,7.62939453125e-05,0.06545424461364746,180.0,180.0,19.0,113418332
seed_0012_1779872483,12,1779872483,True,True,True,True,True,True,368,368,True,True,True,True,True,True,True,d22aef0fb4f3669d,5,6000,200,24.0,30.0,24.0,713.0,746.0,4.0,10752.151950597763,200.0,368.0,8940.0,37602.0,False,,sparrow,iguana,junco,green iguana,1779883601.9205828,1779884961.7966952,5.0,3.0,2.0,green iguana|junco|junco,713.0,24.0,24.0,746.0,0.029490616621983913,490.32264733314514,0.003281831741333008,3.338740348815918,84.0,84.0,115.0,71433534
seed_0013_1779870048,13,1779870048,True,True,True,True,True,True,208,208,True,True,True,True,True,True,True,d22aef0fb4f3669d,5,6000,200,30.0,30.0,30.0,900.0,933.0,4.0,10730.778533220291,200.0,208.0,14224.0,32037.0,False,,sparrow,iguana,junco,green iguana,1779881177.0786068,1779886296.077626,5.0,3.0,1.0,green iguana|green iguana|green iguana,900.0,30.0,30.0,933.0,0.08788853161843516,1299.7504768371582,1.222412347793579,3.1730778217315674,76.0,76.0,123.0,27767171
seed_0014_1779884961,14,1779884961,True,True,True,True,True,True,187,187,True,True,True,True,True,True,True,d22aef0fb4f3669d,5,6000,200,30.0,30.0,30.0,893.0,926.0,4.0,11301.510920524597,200.0,187.0,9527.0,43761.0,False,,sparrow,iguana,junco,green iguana,1779896607.6190567,1779899585.6100225,5.0,3.0,2.0,green iguana|green iguana|green iguana,893.0,30.0,30.0,926.0,0.07235421166306695,846.0806005001068,0.00027751922607421875,3.234121799468994,82.0,61.0,138.0,44731399
seed_0015_1779886296,15,1779886296,True,True,True,True,True,True,303,303,True,True,True,True,True,True,True,d22aef0fb4f3669d,5,6000,200,30.0,30.0,30.0,900.0,933.0,4.0,11397.948510408401,200.0,303.0,14669.0,38525.0,False,,sparrow,lizard,junco,green iguana,1779897992.233498,1779900659.0355825,5.0,3.0,2.0,green iguana|green iguana|green iguana,900.0,30.0,30.0,933.0,0.027867095391211148,881.8530507087708,0.001950979232788086,0.31664514541625977,159.0,159.0,40.0,62539963
seed_0016_1779899585,16,1779899585,True,True,True,True,True,True,221,221,True,True,True,True,True,True,True,d22aef0fb4f3669d,5,6000,200,30.0,30.0,30.0,900.0,933.0,4.0,11391.260757446289,200.0,221.0,10144.0,50070.0,False,,sparrow,lizard,junco,green iguana,1779911391.573025,1779913977.7056007,5.0,3.0,2.0,green iguana|green iguana|green iguana,900.0,30.0,30.0,933.0,0.08038585209003216,794.4788053035736,0.13800978660583496,0.8602373600006104,65.0,50.0,149.0,29016022
seed_0017_1779900659,17,1779900659,True,True,True,True,True,True,152,152,True,True,True,True,True,True,True,d22aef0fb4f3669d,5,6000,200,30.0,30.0,30.0,889.0,922.0,4.0,11532.002237796783,200.0,152.0,14979.0,45148.0,False,,sparrow,lizard,junco,green iguana,1779912340.713679,1779914598.1698897,5.0,3.0,2.0,green iguana|green iguana|green iguana,889.0,30.0,30.0,922.0,0.0878524945770065,732.6601703166962,0.0001270771026611328,1.3424277305603027,62.0,53.0,146.0,39455672
seed_0018_1779913977,18,1779913977,True,True,True,True,True,True,393,393,True,True,True,True,True,True,True,d22aef0fb4f3669d,5,6000,200,25.0,30.0,25.0,720.0,753.0,4.0,11541.473049402237,200.0,393.0,12432.0,54715.0,False,,sparrow,reptile,junco,green iguana,1779926263.5450408,1779928083.05386,5.0,3.0,1.0,junco|junco|junco,720.0,25.0,25.0,753.0,0.049136786188579015,524.7374238967896,0.00029206275939941406,0.3881065845489502,68.0,68.0,131.0,75296834
seed_0019_1779914598,19,1779914598,True,True,True,True,True,True,392,392,True,True,True,True,True,True,True,d22aef0fb4f3669d,5,6000,200,30.0,30.0,30.0,857.0,890.0,4.0,11766.401066303253,200.0,392.0,17129.0,49920.0,False,,sparrow,reptile,junco,green iguana,1779926756.9688456,1779931262.2257369,5.0,3.0,1.0,green iguana|green iguana|green iguana,857.0,30.0,30.0,890.0,0.11797752808988764,1286.2057900428772,0.00021839141845703125,0.1121830940246582,64.0,64.0,135.0,44646824
seed_0020_1779928083,20,1779928083,True,True,True,True,True,True,588,588,True,True,True,True,True,True,True,d22aef0fb4f3669d,5,6000,200,25.0,30.0,25.0,709.0,742.0,4.0,10212.004642009735,200.0,588.0,14187.0,59713.0,False,,sparrow,reptile,junco,green iguana,1779939406.1924298,1779943150.4679155,5.0,3.0,1.0,junco|junco|junco,709.0,25.0,25.0,742.0,0.05390835579514825,1147.1565070152283,0.0015227794647216797,0.48459959030151367,129.0,48.0,151.0,105098403
seed_0021_1779931262,21,1779931262,True,True,True,True,True,True,168,168,True,True,True,True,True,True,True,d22aef0fb4f3669d,5,6000,200,30.0,30.0,30.0,890.0,923.0,4.0,10668.557395935059,200.0,168.0,17359.0,56580.0,False,,songbird,iguana,junco,green iguana,1779942093.8838496,1779949141.1350088,5.0,3.0,2.0,green iguana|green iguana|green iguana,890.0,30.0,30.0,923.0,0.08775731310942579,1837.5288608074188,0.0007736682891845703,2.136782646179199,86.0,86.0,113.0,41904511
seed_0022_1779943150,22,1779943150,True,True,True,True,True,True,639,639,True,True,True,True,True,True,True,d22aef0fb4f3669d,5,6000,200,30.0,30.0,30.0,854.0,887.0,4.0,8568.681785583496,200.0,639.0,15822.0,64820.0,False,,songbird,iguana,junco,green iguana,1779952926.8158686,1779959809.436249,5.0,3.0,1.0,green iguana|green iguana|green iguana,854.0,30.0,30.0,887.0,0.09131905298759865,1838.1248426437378,0.0011281967163085938,2.823103904724121,79.0,36.0,163.0,67515756
seed_0023_1779949141,23,1779949141,True,True,True,True,True,True,409,409,True,True,True,True,True,True,True,d22aef0fb4f3669d,5,6000,200,30.0,30.0,30.0,890.0,923.0,4.0,9145.201701641083,200.0,409.0,18150.0,62712.0,False,,songbird,iguana,junco,green iguana,1779958685.6190085,1779966185.3738234,5.0,3.0,3.0,green iguana|green iguana|green iguana,890.0,30.0,30.0,923.0,0.06067172264355363,2654.9156563282013,0.00018548965454101562,3.2214910984039307,94.0,94.0,105.0,78648512
seed_0024_1779959809,24,1779959809,True,True,True,True,True,True,226,226,True,True,True,True,True,True,True,d22aef0fb4f3669d,5,6000,200,30.0,30.0,30.0,891.0,924.0,4.0,10223.356125354767,200.0,226.0,16639.0,70890.0,False,,songbird,lizard,junco,green iguana,1779970488.169726,1779976995.124257,5.0,3.0,3.0,green iguana|green iguana|green iguana,891.0,30.0,30.0,924.0,0.0367965367965368,1483.4177033901215,0.00026869773864746094,0.9037002325057983,74.0,29.0,170.0,50764988
seed_0025_1779966185,25,1779966185,True,True,True,True,True,True,407,407,True,True,True,True,True,True,True,d22aef0fb4f3669d,5,6000,200,30.0,30.0,30.0,840.0,873.0,4.0,9249.791072368622,200.0,407.0,19873.0,67912.0,False,,songbird,lizard,junco,green iguana,1779975853.3777103,1779981692.7337806,5.0,3.0,1.0,green iguana|green iguana|green iguana,840.0,30.0,30.0,873.0,0.0859106529209622,1581.4287004470825,0.334409236907959,1.530099630355835,102.0,102.0,97.0,46060788
seed_0026_1779976995,26,1779976995,True,True,True,True,True,True,482,482,True,True,True,True,True,True,True,d22aef0fb4f3669d,5,6000,200,26.0,30.0,26.0,735.0,768.0,4.0,9748.933469772339,200.0,482.0,18202.0,76251.0,False,,songbird,lizard,junco,green iguana,1779987695.6133099,1779993131.5199113,5.0,3.0,2.0,junco|junco|junco,735.0,26.0,26.0,768.0,0.02734375,1376.8483226299286,0.011156320571899414,1.1713383197784424,101.0,13.0,186.0,89077565
seed_0027_1779981692,27,1779981692,True,True,True,True,True,True,444,444,True,True,True,True,True,True,True,d22aef0fb4f3669d,5,6000,200,28.0,30.0,28.0,813.0,846.0,4.0,10024.806381464005,200.0,444.0,21047.0,73611.0,False,,songbird,reptile,junco,green iguana,1779992162.1103616,1779998847.6496055,5.0,3.0,3.0,green iguana|junco|green iguana,813.0,28.0,28.0,846.0,0.07801418439716312,1624.2912290096283,0.0012967586517333984,0.12419486045837402,164.0,164.0,35.0,83652474
seed_0028_1779993131,28,1779993131,True,True,True,True,True,True,713,713,True,True,True,True,True,True,True,d22aef0fb4f3669d,5,6000,200,30.0,30.0,30.0,856.0,889.0,4.0,8822.802195549011,200.0,713.0,20485.0,80736.0,False,,songbird,reptile,junco,green iguana,1780003365.7227786,1780009894.7514656,5.0,3.0,2.0,green iguana|green iguana|green iguana,856.0,30.0,30.0,889.0,0.06299212598425197,1739.2453866004944,0.00038552284240722656,0.3681321144104004,183.0,183.0,16.0,74312224
seed_0029_1779998847,29,1779998847,True,True,True,True,True,True,327,327,True,True,True,True,True,True,True,d22aef0fb4f3669d,5,6000,200,23.0,30.0,23.0,671.0,704.0,4.0,9607.782815933228,200.0,327.0,21953.0,79551.0,False,,songbird,reptile,junco,green iguana,1780008784.8457022,1780011438.1934202,5.0,3.0,1.0,junco|junco|junco,671.0,23.0,23.0,704.0,0.05113636363636364,833.1696557998657,3.314018249511719e-05,0.2813553810119629,80.0,67.0,132.0,64978089
seed_0030_1780009894,30,1780009894,True,True,True,True,True,True,425,425,True,True,True,True,True,True,True,d22aef0fb4f3669d,5,6000,200,23.0,30.0,23.0,680.0,713.0,4.0,11232.631726264954,200.0,425.0,22713.0,85397.0,False,,bird,iguana,junco,green iguana,1780021952.5060146,1780024231.8949294,5.0,3.0,1.0,junco|junco|junco,680.0,23.0,23.0,713.0,0.014025245441795231,641.3341867923737,0.000899195671081543,0.01252293586730957,125.0,31.0,168.0,79824241
seed_0031_1780011438,31,1780011438,True,True,True,True,True,True,205,205,True,True,True,True,True,True,True,d22aef0fb4f3669d,5,6000,200,24.0,30.0,24.0,655.0,688.0,4.0,11429.417541980743,200.0,205.0,24070.0,84138.0,False,,bird,iguana,junco,green iguana,1780023076.424384,1780025132.4051244,5.0,3.0,2.0,junco|junco|junco,655.0,24.0,24.0,688.0,0.04505813953488372,730.8087863922119,0.00045490264892578125,0.14911699295043945,84.0,84.0,115.0,26675412
seed_0032_1780024232,32,1780024232,True,True,True,True,True,True,214,214,True,True,True,True,True,True,True,d22aef0fb4f3669d,5,6000,200,26.0,30.0,26.0,725.0,758.0,4.0,11564.992681980133,200.0,214.0,24586.0,90237.0,False,,bird,iguana,junco,green iguana,1780036207.8049026,1780039060.8076456,5.0,3.0,1.0,junco|junco|junco,725.0,26.0,26.0,758.0,0.051451187335092345,839.7114000320435,0.001093149185180664,0.019102096557617188,129.0,42.0,157.0,48096935
seed_0033_1780025132,33,1780025132,True,True,True,True,True,True,229,229,True,True,True,True,True,True,True,d22aef0fb4f3669d,5,6000,200,22.0,30.0,22.0,633.0,666.0,4.0,11670.380688905716,200.0,229.0,26244.0,88652.0,False,,bird,lizard,junco,green iguana,1780037033.8769646,1780038236.1380749,5.0,3.0,1.0,junco|junco|junco,633.0,22.0,22.0,666.0,0.016516516516516516,527.749559879303,0.002497434616088867,0.03678488731384277,190.0,190.0,9.0,49736754
seed_0034_1780039061,34,1780039061,True,True,True,True,True,True,590,590,True,True,True,True,True,True,True,d22aef0fb4f3669d,5,6000,200,21.0,30.0,21.0,613.0,646.0,4.0,11907.317926168442,200.0,590.0,25956.0,95625.0,False,,bird,lizard,junco,green iguana,1780051575.352389,1780052734.0088675,5.0,3.0,1.0,junco|junco|junco,613.0,21.0,21.0,646.0,0.05727554179566564,476.5122330188751,0.0002741813659667969,0.04690408706665039,95.0,95.0,104.0,62042793
seed_0035_1780038236,35,1780038236,True,True,True,True,True,True,228,228,True,True,True,True,True,True,True,d22aef0fb4f3669d,5,6000,200,25.0,30.0,25.0,729.0,762.0,4.0,11800.50659275055,200.0,228.0,26908.0,94654.0,False,,bird,lizard,junco,green iguana,1780050493.7067208,1780054076.1890123,5.0,3.0,2.0,junco|junco|junco,729.0,25.0,25.0,762.0,0.051181102362204724,934.8074729442596,8.249282836914062e-05,0.006056785583496094,79.0,13.0,186.0,50194880
seed_0036_1780052734,36,1780052734,True,True,True,True,True,True,313,313,True,True,True,True,True,True,True,d22aef0fb4f3669d,5,6000,200,28.0,30.0,28.0,826.0,859.0,4.0,11414.24357676506,200.0,313.0,28935.0,99292.0,False,,bird,reptile,junco,green iguana,1780064754.3588064,1780069542.3689404,5.0,3.0,1.0,junco|junco|junco,826.0,28.0,28.0,859.0,0.06635622817229336,1283.2601828575134,0.0007815361022949219,0.18321800231933594,134.0,134.0,65.0,63495850
seed_0037_1780054076,37,1780054076,True,True,True,True,True,True,590,590,True,True,True,True,True,True,True,d22aef0fb4f3669d,5,6000,200,24.0,30.0,24.0,652.0,685.0,4.0,11535.199060201645,200.0,590.0,28320.0,100004.0,False,,bird,reptile,junco,green iguana,1780066222.2615006,1780067455.489823,5.0,3.0,1.0,junco|junco|junco,652.0,24.0,24.0,685.0,0.058394160583941604,525.5697710514069,5.841255187988281e-05,0.1580815315246582,190.0,190.0,9.0,62296364
seed_0038_1780069542,38,1780069542,True,True,True,True,True,True,453,453,True,True,True,True,True,True,True,d22aef0fb4f3669d,5,6000,200,23.0,30.0,23.0,674.0,707.0,4.0,11411.785440921783,200.0,453.0,30317.0,104769.0,False,,bird,reptile,junco,green iguana,1780081413.4317663,1780090517.5195422,5.0,3.0,2.0,junco|junco|junco,674.0,23.0,23.0,707.0,0.033946251768033946,2246.6856710910797,0.0001373291015625,0.03263115882873535,198.0,198.0,1.0,84170384
seed_0039_1780067455,39,1780067455,True,True,True,True,True,True,353,353,True,True,True,True,True,True,True,d22aef0fb4f3669d,5,6000,200,9.0,32.0,9.0,255.0,290.0,4.0,11354.639085292816,200.0,353.0,29173.0,105836.0,False,,sparrow,constrictor,junco,boa constrictor,1780079509.6373847,1780081777.1084788,5.0,3.0,2.0,boa constrictor|boa constrictor|boa constrictor,255.0,9.0,9.0,290.0,0.1206896551724138,442.964852809906,0.0001418590545654297,0.1568441390991211,93.0,93.0,106.0,66254246
seed_0040_1780090517,40,1780090517,True,True,True,True,True,True,895,895,True,True,True,True,True,True,True,d22aef0fb4f3669d,5,6000,200,9.0,41.0,9.0,244.0,288.0,4.0,9990.547664880753,200.0,895.0,32757.0,109036.0,False,,sparrow,constrictor,junco,boa constrictor,1780102249.1423802,1780105619.8894486,5.0,3.0,2.0,boa constrictor|boa constrictor|boa constrictor,244.0,9.0,9.0,288.0,0.10416666666666667,726.0800292491913,0.00038933753967285156,0.7689743041992188,94.0,25.0,174.0,89110152
seed_0041_1780081777,41,1780081777,True,True,True,True,True,True,546,546,True,True,True,True,True,True,True,d22aef0fb4f3669d,5,6000,200,10.0,33.0,10.0,242.0,278.0,4.0,8055.660660266876,200.0,546.0,30656.0,110643.0,False,,sparrow,constrictor,junco,boa constrictor,1780090383.42826,1780094603.3765736,5.0,3.0,1.0,boa constrictor|boa constrictor|boa constrictor,242.0,10.0,10.0,278.0,0.17266187050359713,1037.529132604599,0.0014677047729492188,0.4716653823852539,113.0,113.0,86.0,95857687
seed_0042_1780105620,42,1780105620,True,True,True,True,True,True,530,530,True,True,True,True,True,True,True,d22aef0fb4f3669d,5,6000,200,9.0,30.0,9.0,254.0,287.0,4.0,8861.013934612274,200.0,530.0,34098.0,113983.0,False,,sparrow,snake,junco,boa constrictor,1780115481.071938,1780120986.5067837,5.0,3.0,1.0,boa constrictor|boa constrictor|boa constrictor,254.0,9.0,9.0,287.0,0.11846689895470383,1154.5464482307434,0.6354809999465942,4.722833633422852,55.0,8.0,191.0,93207462
seed_0043_1780094603,43,1780094603,True,True,True,True,True,True,276,276,True,True,True,True,True,True,True,d22aef0fb4f3669d,5,6000,200,12.0,48.0,12.0,356.0,407.0,4.0,10507.711720228195,200.0,276.0,31561.0,116016.0,False,,sparrow,snake,junco,boa constrictor,1780105393.785601,1780111250.5933173,5.0,3.0,3.0,boa constrictor|junco|boa constrictor,356.0,12.0,12.0,407.0,0.04176904176904177,1456.0576469898224,0.4242240786552429,4.465825080871582,51.0,4.0,195.0,32320152
seed_0044_1780120986,44,1780120986,True,True,True,True,True,True,606,606,True,True,True,True,True,True,True,d22aef0fb4f3669d,5,6000,200,19.0,30.0,19.0,567.0,600.0,4.0,7781.786834955215,200.0,606.0,35187.0,119181.0,False,,sparrow,snake,junco,boa constrictor,1780129368.934309,1780138214.5865154,5.0,3.0,1.0,junco|junco|junco,567.0,19.0,19.0,600.0,0.075,2419.3777718544006,0.6527762413024902,3.863050937652588,88.0,35.0,164.0,106534348
seed_0045_1780111250,45,1780111250,True,True,True,True,True,True,583,583,True,True,True,True,True,True,True,d22aef0fb4f3669d,5,6000,200,14.0,30.0,14.0,387.0,420.0,4.0,9147.24099612236,200.0,583.0,33156.0,120828.0,False,,sparrow,reptile,junco,boa constrictor,1780120970.6375728,1780129380.7025418,5.0,3.0,2.0,boa constrictor|boa constrictor|boa constrictor,387.0,14.0,14.0,420.0,0.08095238095238096,1899.3585710525513,0.0005068778991699219,0.068359375,105.0,30.0,169.0,102144656
seed_0046_1780138214,46,1780138214,True,True,True,True,True,True,356,356,True,True,True,True,True,True,True,d22aef0fb4f3669d,5,6000,200,9.0,40.0,9.0,249.0,292.0,4.0,10991.384957075119,200.0,356.0,37680.0,123288.0,False,,sparrow,reptile,junco,boa constrictor,1780149916.7620883,1780152376.6406753,5.0,3.0,1.0,boa constrictor|boa constrictor|boa constrictor,249.0,9.0,9.0,292.0,0.1643835616438356,474.5284767150879,0.0010478496551513672,0.39494359493255615,133.0,133.0,66.0,39217268
seed_0047_1780129380,47,1780129380,True,True,True,True,True,True,308,308,True,True,True,True,True,True,True,d22aef0fb4f3669d,5,6000,200,10.0,30.0,10.0,248.0,281.0,4.0,8187.866523981094,200.0,308.0,34107.0,126297.0,False,,sparrow,reptile,junco,boa constrictor,1780137875.8148675,1780140339.9537287,5.0,3.0,1.0,boa constrictor|boa constrictor|boa constrictor,248.0,10.0,10.0,281.0,0.1708185053380783,671.0204041004181,0.0002498626708984375,0.7988846302032471,134.0,134.0,65.0,59487181
seed_0048_1780152376,48,1780152376,True,True,True,True,True,True,853,853,True,True,True,True,True,True,True,d22aef0fb4f3669d,5,6000,200,11.0,32.0,11.0,250.0,285.0,4.0,10752.561232566833,200.0,853.0,39854.0,127406.0,False,,songbird,constrictor,junco,boa constrictor,1780164771.267774,1780167115.3628821,5.0,3.0,2.0,boa constrictor|boa constrictor|boa constrictor,250.0,11.0,11.0,285.0,0.15087719298245614,450.5949676036835,0.00020647048950195312,0.30942368507385254,139.0,139.0,60.0,142837283
seed_0049_1780140340,49,1780140340,True,True,True,True,True,True,536,536,True,True,True,True,True,True,True,d22aef0fb4f3669d,5,6000,200,9.0,48.0,9.0,259.0,310.0,4.0,11158.505084753036,200.0,536.0,35598.0,131087.0,False,,songbird,constrictor,junco,boa constrictor,1780152039.3098302,1780155232.29671,5.0,3.0,1.0,boa constrictor|boa constrictor|boa constrictor,259.0,9.0,9.0,310.0,0.035483870967741936,915.4805481433868,0.00038611888885498047,0.7686487436294556,123.0,123.0,76.0,55972116
seed_0050_1780167115,50,1780167115,True,True,True,True,True,True,399,399,True,True,True,True,True,True,True,d22aef0fb4f3669d,5,6000,200,11.0,30.0,11.0,288.0,321.0,4.0,8377.893465995789,200.0,399.0,41035.0,132510.0,False,,songbird,constrictor,junco,boa constrictor,1780176272.8330228,1780182692.0604138,5.0,3.0,2.0,boa constrictor|boa constrictor|boa constrictor,288.0,11.0,11.0,321.0,0.1059190031152648,1541.9334967136383,8.33272933959961e-05,0.1271042823791504,124.0,39.0,160.0,73650648
seed_0051_1780155232,51,1780155232,True,True,True,True,True,True,406,406,True,True,True,True,True,True,True,d22aef0fb4f3669d,5,6000,200,18.0,30.0,18.0,531.0,564.0,4.0,11135.242733240128,200.0,406.0,37343.0,135652.0,False,,songbird,snake,junco,boa constrictor,1780166776.414679,1780174965.1830487,5.0,3.0,1.0,junco|junco|junco,531.0,18.0,18.0,564.0,0.03900709219858156,2252.856762647629,0.6016263961791992,1.5610013008117676,150.0,150.0,49.0,75737988
seed_0052_1780182692,52,1780182692,True,True,True,True,True,True,373,373,True,True,True,True,True,True,True,d22aef0fb4f3669d,5,6000,200,7.0,58.0,7.0,210.0,271.0,4.0,9300.377652406693,200.0,373.0,41946.0,137920.0,False,,songbird,snake,junco,boa constrictor,1780192726.1398127,1780198153.441378,5.0,3.0,1.0,boa constrictor|boa constrictor|boa constrictor,210.0,7.0,7.0,271.0,0.01845018450184502,1321.7138838768005,0.6031532883644104,3.078425884246826,73.0,47.0,152.0,40734607
seed_0053_1780174965,53,1780174965,True,True,True,True,True,True,457,457,True,True,True,True,True,True,True,d22aef0fb4f3669d,5,6000,200,9.0,34.0,9.0,240.0,277.0,4.0,8677.223787546158,200.0,457.0,38490.0,141069.0,False,,songbird,snake,junco,boa constrictor,1780184544.3719769,1780190184.9966798,5.0,3.0,3.0,boa constrictor|boa constrictor|boa constrictor,240.0,9.0,9.0,277.0,0.018050541516245487,1440.5297636985779,0.008789479732513428,1.170642614364624,29.0,5.0,194.0,82065045
seed_0054_1780198153,54,1780198153,True,True,True,True,True,True,616,616,True,True,True,True,True,True,True,d22aef0fb4f3669d,5,6000,200,12.0,32.0,12.0,336.0,371.0,4.0,8694.589536905289,200.0,616.0,43557.0,142580.0,False,,songbird,reptile,junco,boa constrictor,1780208062.9728937,1780215148.433479,5.0,3.0,2.0,boa constrictor|boa constrictor|boa constrictor,336.0,12.0,12.0,371.0,0.14555256064690028,1356.1945459842682,1.430511474609375e-06,0.4006316661834717,69.0,44.0,155.0,106840259
seed_0055_1780190185,55,1780190185,True,True,True,True,True,True,424,424,True,True,True,True,True,True,True,d22aef0fb4f3669d,5,6000,200,9.0,45.0,9.0,237.0,285.0,4.0,9222.623850107193,200.0,424.0,40119.0,145717.0,False,,songbird,reptile,junco,boa constrictor,1780200253.8839478,1780206561.0587053,5.0,3.0,1.0,boa constrictor|boa constrictor|boa constrictor,237.0,9.0,9.0,285.0,0.20701754385964913,1459.4973440170288,0.0008764266967773438,0.646704912185669,46.0,35.0,164.0,45567799
seed_0056_1780215148,56,1780215148,True,True,True,True,True,True,354,354,True,True,True,True,True,True,True,d22aef0fb4f3669d,5,6000,200,10.0,32.0,10.0,268.0,303.0,4.0,8333.330560684204,200.0,354.0,44572.0,147936.0,False,,songbird,reptile,junco,boa constrictor,1780223840.8414006,1780227998.6748965,5.0,3.0,2.0,boa constrictor|boa constrictor|boa constrictor,268.0,10.0,10.0,303.0,0.0627062706270627,916.8170070648193,0.0003631114959716797,0.2346198558807373,173.0,5.0,194.0,66510873
seed_0057_1780206561,57,1780206561,True,True,True,True,True,True,422,422,True,True,True,True,True,True,True,d22aef0fb4f3669d,5,6000,200,19.0,30.0,19.0,511.0,544.0,4.0,8147.01339507103,200.0,422.0,42171.0,149950.0,False,,bird,constrictor,junco,boa constrictor,1780215132.47459,1780224075.2484586,5.0,3.0,1.0,junco|junco|junco,511.0,19.0,19.0,544.0,0.02389705882352941,2402.76096868515,0.00019502639770507812,0.14990544319152832,185.0,185.0,14.0,78329978
seed_0058_1780227998,58,1780227998,True,True,True,True,True,True,928,928,True,True,True,True,True,True,True,d22aef0fb4f3669d,5,6000,200,9.0,51.0,9.0,247.0,301.0,4.0,10732.546139717102,200.0,928.0,46822.0,151989.0,False,,bird,constrictor,junco,boa constrictor,1780239691.3260398,1780240236.6262965,5.0,3.0,1.0,boa constrictor|boa constrictor|boa constrictor,247.0,9.0,9.0,301.0,0.059800664451827246,241.33287024497986,0.0008416175842285156,0.1513822078704834,128.0,128.0,71.0,92151129
seed_0059_1780224075,59,1780224075,True,True,True,True,True,True,1169,1169,True,True,True,True,True,True,True,d22aef0fb4f3669d,5,6000,200,21.0,30.0,21.0,599.0,632.0,4.0,9899.299348115921,200.0,1169.0,44950.0,153715.0,False,,bird,constrictor,junco,boa constrictor,1780236258.4259417,1780243699.0416133,5.0,3.0,1.0,junco|junco|junco,599.0,21.0,21.0,632.0,0.10917721518987342,1446.4191234111786,0.0002422332763671875,0.15617847442626953,150.0,150.0,49.0,192791198
seed_0060_1780260183,60,1780260183,True,True,True,True,True,True,287,287,True,True,True,True,True,True,True,698b3c1049ec6283,5,6000,200,9.0,40.0,9.0,241.0,284.0,4.0,7275.242916584015,200.0,287.0,863.0,5137.0,False,,bird,snake,junco,boa constrictor,1780267729.9280093,1780268107.10268,5.0,3.0,2.0,boa constrictor|boa constrictor|boa constrictor,241.0,9.0,9.0,284.0,0.09859154929577464,131.96414256095886,0.0011653900146484375,1.1150379180908203,127.0,127.0,72.0,56124661
seed_0061_1780475753,61,1780475753,True,True,True,True,True,True,385,385,True,True,True,True,True,True,True,d5089559bf27607d,5,6000,200,14.0,38.0,14.0,411.0,452.0,4.0,12044.078037977219,200.0,385.0,928.0,5072.0,False,,bird,snake,junco,boa constrictor,1780488565.4534094,1780489547.8623505,5.0,3.0,1.0,boa constrictor|boa constrictor|boa constrictor,411.0,14.0,14.0,452.0,0.17699115044247787,234.08666372299194,0.0010814666748046875,2.5635204315185547,108.0,108.0,91.0,42653663
seed_0062_1780268107,62,1780268107,True,True,True,True,True,True,375,375,True,True,True,True,True,True,True,698b3c1049ec6283,5,6000,200,11.0,42.0,11.0,330.0,375.0,4.0,7363.802755117416,200.0,375.0,1659.0,10625.0,False,,bird,snake,junco,boa constrictor,1780275825.6373928,1780276324.8802626,5.0,3.0,2.0,boa constrictor|boa constrictor|boa constrictor,330.0,11.0,11.0,375.0,0.037333333333333336,180.76669907569885,0.7489070892333984,1.2038908004760742,96.0,23.0,176.0,69920402
seed_0063_1780475753,63,1780475753,True,True,True,True,True,True,567,567,True,True,True,True,True,True,True,d5089559bf27607d,5,6000,200,20.0,30.0,20.0,532.0,565.0,4.0,12074.843798160553,200.0,567.0,2584.0,3416.0,False,,bird,reptile,junco,boa constrictor,1780488760.5499976,1780491913.2408,5.0,3.0,1.0,boa constrictor|boa constrictor|boa constrictor,532.0,20.0,20.0,565.0,0.09380530973451327,794.2661025524139,0.0003399848937988281,0.03718972206115723,168.0,17.0,182.0,100603912
seed_0064_1780276325,64,1780276325,True,True,True,True,True,True,190,190,True,True,True,True,True,True,True,698b3c1049ec6283,5,6000,200,10.0,41.0,10.0,279.0,323.0,4.0,6763.368517875671,200.0,190.0,4735.0,13924.0,False,,bird,reptile,junco,boa constrictor,1780283272.0161414,1780283706.751955,5.0,3.0,1.0,boa constrictor|boa constrictor|boa constrictor,279.0,10.0,10.0,323.0,0.04643962848297214,155.09913444519043,1.6689300537109375e-05,0.20743370056152344,121.0,121.0,78.0,23983969
seed_0065_1780489548,65,1780489548,True,True,True,True,True,True,593,593,True,True,True,True,True,True,True,d5089559bf27607d,5,6000,200,16.0,30.0,16.0,417.0,450.0,4.0,10885.809627771378,200.0,593.0,2696.0,9756.0,False,,bird,reptile,junco,boa constrictor,1780501576.147448,1780504147.7042227,5.0,3.0,1.0,boa constrictor|boa constrictor|boa constrictor,417.0,16.0,16.0,450.0,0.13555555555555557,650.755580663681,0.0003440380096435547,0.2293534278869629,132.0,50.0,149.0,103977180
seed_0066_1780283706,66,1780283706,True,True,True,True,True,True,529,529,True,True,True,True,True,True,True,698b3c1049ec6283,5,6000,200,30.0,30.0,30.0,834.0,867.0,4.0,7359.680290460587,200.0,529.0,6444.0,18538.0,False,,sparrow,cello,junco,cello,1780291567.7774198,1780292716.698002,5.0,3.0,1.0,junco|junco|junco,834.0,30.0,30.0,867.0,0.0461361014994233,414.9720914363861,0.23205804824829102,1.4495295286178589,148.0,17.0,182.0,93860807
seed_0067_1780491913,67,1780491913,True,True,True,True,True,True,161,161,True,True,True,True,True,True,True,d5089559bf27607d,5,6000,200,30.0,30.0,30.0,900.0,933.0,4.0,11406.018804311752,200.0,161.0,2716.0,9849.0,False,,sparrow,cello,junco,cello,1780503484.709278,1780512858.062166,5.0,3.0,2.0,cello|cello|cello,900.0,30.0,30.0,933.0,0.013933547695605574,2384.4943861961365,0.00026535987854003906,1.5552911758422852,97.0,38.0,161.0,24396771
seed_0068_1780292716,68,1780292716,True,True,True,True,True,True,312,312,True,True,True,True,True,True,True,698b3c1049ec6283,5,6000,200,28.0,30.0,28.0,836.0,869.0,4.0,7696.713253259659,200.0,312.0,7217.0,24632.0,False,,sparrow,cello,junco,cello,1780300711.220398,1780301888.2110088,5.0,3.0,1.0,junco|junco|junco,836.0,28.0,28.0,869.0,0.0379746835443038,422.6468029022217,0.0032396316528320312,1.10172700881958,132.0,132.0,67.0,60487648
seed_0069_1780504147,69,1780504147,True,True,True,True,True,True,268,268,True,True,True,True,True,True,True,d5089559bf27607d,5,6000,200,27.0,30.0,27.0,809.0,842.0,4.0,8131.391347885132,200.0,268.0,3291.0,15611.0,False,,sparrow,string instrument,junco,cello,1780512547.105432,1780521725.21075,5.0,3.0,1.0,junco|junco|junco,809.0,27.0,27.0,842.0,0.04513064133016627,2013.8141765594482,0.0001652240753173828,1.5985398292541504,134.0,134.0,65.0,53573018
seed_0070_1780301888,70,1780301888,True,True,True,True,True,True,503,503,True,True,True,True,True,True,True,698b3c1049ec6283,5,6000,200,24.0,30.0,24.0,720.0,753.0,4.0,7467.181580543518,200.0,503.0,8646.0,30072.0,False,,sparrow,string instrument,junco,cello,1780309842.166552,1780310846.7795255,5.0,3.0,1.0,junco|junco|junco,720.0,24.0,24.0,753.0,0.05444887118193891,361.19516682624817,0.001989603042602539,0.5083856582641602,85.0,85.0,114.0,55122953
seed_0071_1780512858,71,1780512858,True,True,True,True,True,True,505,505,True,True,True,True,True,True,True,d5089559bf27607d,5,6000,200,25.0,30.0,25.0,742.0,775.0,4.0,7864.69712138176,200.0,505.0,4128.0,15370.0,False,,sparrow,string instrument,junco,cello,1780521227.2434444,1780529902.7604005,5.0,3.0,2.0,junco|junco|junco,742.0,25.0,25.0,775.0,0.012903225806451613,1790.7769408226013,5.340576171875e-05,1.4249180555343628,79.0,14.0,185.0,89415015
seed_0072_1780310846,72,1780310846,True,True,True,True,True,True,200,200,True,True,True,True,True,True,True,698b3c1049ec6283,5,6000,200,29.0,30.0,29.0,870.0,903.0,4.0,7918.971314191818,200.0,200.0,8985.0,36486.0,False,,sparrow,musical instrument,junco,cello,1780318957.6171205,1780320163.0411756,5.0,3.0,3.0,junco|junco|junco,870.0,29.0,29.0,903.0,0.04318936877076412,439.92484951019287,0.0003337860107421875,0.19177842140197754,86.0,86.0,113.0,43650886
seed_0073_1780521725,73,1780521725,True,True,True,True,True,True,306,306,True,True,True,True,True,True,True,d5089559bf27607d,5,6000,200,20.0,30.0,20.0,570.0,603.0,4.0,7655.446710348129,200.0,306.0,5179.0,20565.0,False,,sparrow,musical instrument,junco,cello,1780529690.7034464,1780538445.9820044,5.0,3.0,1.0,junco|junco|junco,570.0,20.0,20.0,603.0,0.03316749585406302,2216.893044233322,0.00011444091796875,0.4748067855834961,123.0,123.0,76.0,36329989
seed_0074_1780320163,74,1780320163,True,True,True,True,True,True,183,183,True,True,True,True,True,True,True,698b3c1049ec6283,5,6000,200,26.0,30.0,26.0,780.0,813.0,4.0,7931.242653131485,200.0,183.0,9318.0,43056.0,False,,sparrow,musical instrument,junco,cello,1780328271.077079,1780329372.0606587,5.0,3.0,2.0,junco|junco|junco,780.0,26.0,26.0,813.0,0.013530135301353014,410.4516010284424,0.0024747848510742188,0.04410910606384277,91.0,5.0,194.0,40463571
seed_0075_1780529902,75,1780529902,True,True,True,True,True,True,213,213,True,True,True,True,True,True,True,d5089559bf27607d,5,6000,200,25.0,30.0,25.0,750.0,783.0,4.0,8167.32967877388,200.0,213.0,4569.0,21704.0,False,,songbird,cello,junco,cello,1780538282.5123694,1780547416.0674305,5.0,3.0,3.0,junco|junco|junco,750.0,25.0,25.0,783.0,0.0,2370.3733353614807,0.31034934520721436,0.7405551671981812,180.0,180.0,19.0,44970717
seed_0076_1780329372,76,1780329372,True,True,True,True,True,True,555,555,True,True,True,True,True,True,True,698b3c1049ec6283,5,6000,200,19.0,30.0,19.0,518.0,551.0,4.0,7611.049762010574,200.0,555.0,10699.0,48488.0,False,,songbird,cello,junco,cello,1780337523.6676183,1780338231.2559838,5.0,3.0,1.0,junco|junco|junco,518.0,19.0,19.0,551.0,0.07078039927404718,263.2538511753082,0.3624699115753174,1.1464416980743408,135.0,135.0,64.0,59284262
seed_0077_1780538446,77,1780538446,True,True,True,True,True,True,202,202,True,True,True,True,True,True,True,d5089559bf27607d,5,6000,200,26.0,30.0,26.0,774.0,807.0,4.0,8206.69515132904,200.0,202.0,5525.0,26822.0,False,,songbird,cello,junco,cello,1780546854.6285088,1780556029.0059187,5.0,3.0,2.0,junco|junco|junco,774.0,26.0,26.0,807.0,0.028500619578686492,2341.1646938323975,0.0009393692016601562,1.7675715684890747,48.0,48.0,151.0,43411150
seed_0078_1780338231,78,1780338231,True,True,True,True,True,True,297,297,True,True,True,True,True,True,True,698b3c1049ec6283,5,6000,200,30.0,30.0,30.0,900.0,933.0,4.0,7929.479831933975,200.0,297.0,11141.0,54597.0,False,,songbird,string instrument,junco,cello,1780346447.1734307,1780347686.820059,5.0,3.0,3.0,junco|junco|junco,900.0,30.0,30.0,933.0,0.0,482.725594997406,0.7237226963043213,2.0109541416168213,69.0,47.0,152.0,58605052
seed_0079_1780547416,79,1780547416,True,True,True,True,True,True,209,209,True,True,True,True,True,True,True,d5089559bf27607d,5,6000,200,19.0,30.0,19.0,570.0,603.0,4.0,8203.070288419724,200.0,209.0,5029.0,28027.0,False,,songbird,string instrument,junco,cello,1780555832.3240826,1780564484.7202597,5.0,3.0,1.0,junco|junco|junco,570.0,19.0,19.0,603.0,0.05804311774461028,1529.4994761943817,0.3109874725341797,1.4950816631317139,75.0,51.0,148.0,27459324
seed_0080_1780347687,80,1780347687,True,True,True,True,True,True,313,313,True,True,True,True,True,True,True,698b3c1049ec6283,5,6000,200,28.0,30.0,28.0,840.0,873.0,4.0,7913.021321773529,200.0,313.0,11573.0,61098.0,False,,songbird,string instrument,junco,cello,1780355899.6564498,1780357043.2101097,5.0,3.0,1.0,junco|junco|junco,840.0,28.0,28.0,873.0,0.032073310423825885,438.3740875720978,0.32560014724731445,1.9952696561813354,81.0,81.0,118.0,60673863
seed_0081_1780556029,81,1780556029,True,True,True,True,True,True,744,744,True,True,True,True,True,True,True,d5089559bf27607d,5,6000,200,27.0,30.0,27.0,793.0,826.0,4.0,7492.453176736832,200.0,744.0,7836.0,31318.0,False,,songbird,musical instrument,junco,cello,1780564266.9874535,1780573626.2374222,5.0,3.0,2.0,junco|junco|junco,793.0,27.0,27.0,826.0,0.0423728813559322,2352.2585728168488,0.0002465248107910156,0.37341630458831787,161.0,161.0,38.0,126203154
seed_0082_1780357043,82,1780357043,True,True,True,True,True,True,317,317,True,True,True,True,True,True,True,698b3c1049ec6283,5,6000,200,30.0,30.0,30.0,861.0,894.0,4.0,7333.832750797272,200.0,317.0,13411.0,66133.0,False,,songbird,musical instrument,junco,cello,1780364683.5407,1780365821.2395113,5.0,3.0,1.0,cello|cello|cello,861.0,30.0,30.0,894.0,0.08501118568232663,424.9329824447632,0.0031783580780029297,0.3150651454925537,166.0,166.0,33.0,38507611
seed_0083_1780564484,83,1780564484,True,True,True,True,True,True,251,251,True,True,True,True,True,True,True,d5089559bf27607d,5,6000,200,25.0,30.0,25.0,750.0,783.0,4.0,8291.434390306473,200.0,251.0,5591.0,34068.0,False,,songbird,musical instrument,junco,cello,1780573028.9948225,1780581845.2279897,5.0,3.0,3.0,junco|junco|junco,750.0,25.0,25.0,783.0,0.0038314176245210726,1759.3066413402557,0.0013053417205810547,0.8577461242675781,125.0,125.0,74.0,50647724
seed_0084_1780365821,84,1780365821,True,True,True,True,True,True,486,486,True,True,True,True,True,True,True,698b3c1049ec6283,5,6000,200,28.0,30.0,28.0,810.0,843.0,4.0,7274.59877705574,200.0,486.0,15105.0,71333.0,False,,bird,cello,junco,cello,1780373555.9715161,1780374685.280744,5.0,3.0,2.0,junco|junco|junco,810.0,28.0,28.0,843.0,0.042704626334519574,421.57134771347046,0.0011420249938964844,0.07098960876464844,174.0,2.0,197.0,86958501
seed_0085_1780573626,85,1780573626,True,True,True,True,True,True,391,391,True,True,True,True,True,True,True,d5089559bf27607d,5,6000,200,19.0,30.0,19.0,562.0,595.0,4.0,7683.38118314743,200.0,391.0,9646.0,36334.0,False,,bird,cello,junco,cello,1780581716.4758294,1780590392.4709551,5.0,3.0,1.0,junco|junco|junco,562.0,19.0,19.0,595.0,0.04873949579831933,1842.8872110843658,5.626678466796875e-05,0.08489561080932617,85.0,85.0,114.0,44125054
seed_0086_1780374685,86,1780374685,True,True,True,True,True,True,548,548,True,True,True,True,True,True,True,698b3c1049ec6283,5,6000,200,28.0,30.0,28.0,817.0,850.0,4.0,7328.91083407402,200.0,548.0,16676.0,76605.0,False,,bird,cello,junco,cello,1780382534.763638,1780383677.493439,5.0,3.0,2.0,junco|junco|junco,817.0,28.0,28.0,850.0,0.03058823529411765,432.3905954360962,2.288818359375e-05,0.19562053680419922,176.0,176.0,23.0,96449399
seed_0087_1780581845,87,1780581845,True,True,True,True,True,True,354,354,True,True,True,True,True,True,True,d5089559bf27607d,5,6000,200,25.0,30.0,25.0,750.0,783.0,4.0,7934.165892601013,200.0,354.0,6677.0,39765.0,False,,bird,string instrument,junco,cello,1780590138.5892801,1780599248.4709945,5.0,3.0,3.0,junco|junco|junco,750.0,25.0,25.0,783.0,0.0,2000.193663597107,0.00023603439331054688,0.10363388061523438,167.0,167.0,32.0,66371494
seed_0088_1780383677,88,1780383677,True,True,True,True,True,True,777,777,True,True,True,True,True,True,True,698b3c1049ec6283,5,6000,200,21.0,30.0,21.0,580.0,613.0,4.0,6975.494721651077,200.0,777.0,19270.0,80861.0,False,,bird,string instrument,junco,cello,1780391403.2205062,1780392223.6402948,5.0,3.0,1.0,junco|junco|junco,580.0,21.0,21.0,613.0,0.05872756933115824,303.40310764312744,0.00042700767517089844,0.04314160346984863,194.0,194.0,5.0,79936355
seed_0089_1780870426,89,1780870426,True,True,True,True,True,True,288,288,True,True,True,True,True,True,True,ec13394a045b7d27,5,6000,200,26.0,30.0,26.0,755.0,788.0,4.0,13008.87933063507,200.0,288.0,1694.0,4306.0,False,,bird,string instrument,junco,cello,1780884042.6905928,1780886771.5128844,5.0,3.0,2.0,junco|junco|junco,755.0,26.0,26.0,788.0,0.01903553299492386,662.3229916095734,7.82012939453125e-05,0.41744565963745117,188.0,188.0,11.0,56344740
seed_0090_1780392223,90,1780392223,True,True,True,True,True,True,313,313,True,True,True,True,True,True,True,698b3c1049ec6283,5,6000,200,26.0,30.0,26.0,765.0,798.0,4.0,7473.978108406067,200.0,313.0,20473.0,86271.0,False,,bird,musical instrument,junco,cello,1780399996.673834,1780401079.3934038,5.0,3.0,1.0,junco|junco|junco,765.0,26.0,26.0,798.0,0.02756892230576441,409.4283390045166,0.0001087188720703125,0.1026616096496582,90.0,90.0,109.0,60226683
seed_0091_1780870426,91,1780870426,True,True,True,True,True,True,802,802,True,True,True,True,True,True,True,ec13394a045b7d27,5,6000,200,24.0,30.0,24.0,687.0,720.0,4.0,13040.396429300308,200.0,802.0,3407.0,2593.0,False,,bird,musical instrument,junco,cello,1780884645.9045846,1780886012.3577676,5.0,3.0,1.0,junco|junco|junco,687.0,24.0,24.0,720.0,0.08472222222222223,413.5149886608124,4.9114227294921875e-05,0.17480134963989258,171.0,171.0,28.0,82544119
seed_0092_1780401079,92,1780401079,True,True,True,True,True,True,286,286,True,True,True,True,True,True,True,698b3c1049ec6283,5,6000,200,28.0,30.0,28.0,816.0,849.0,4.0,7505.3413915634155,200.0,286.0,21599.0,91943.0,False,,bird,musical instrument,junco,cello,1780408858.4029648,1780410003.1379519,5.0,3.0,2.0,junco|junco|junco,816.0,28.0,28.0,849.0,0.04711425206124853,427.8118546009064,0.002079486846923828,0.02893352508544922,172.0,6.0,193.0,56458814
seed_0093_1780886771,93,1780886771,True,True,True,True,True,True,487,487,True,True,True,True,True,True,True,ec13394a045b7d27,5,6000,200,30.0,30.0,30.0,892.0,925.0,4.0,12083.35206246376,200.0,487.0,2831.0,9957.0,False,,sparrow,marimba,junco,marimba,1780899346.279484,1780904677.5504408,5.0,3.0,1.0,marimba|marimba|marimba,892.0,30.0,30.0,925.0,0.13405405405405404,1298.2011828422546,0.0006644725799560547,0.513390302658081,112.0,112.0,87.0,85619940
seed_0094_1780410003,94,1780410003,True,True,True,True,True,True,677,677,True,True,True,True,True,True,True,698b3c1049ec6283,5,6000,200,23.0,30.0,23.0,644.0,677.0,4.0,7475.709351062775,200.0,677.0,23317.0,97074.0,False,,sparrow,marimba,junco,marimba,1780418135.2389326,1780419068.9914427,5.0,3.0,2.0,junco|junco|junco,644.0,23.0,23.0,677.0,0.09748892171344166,323.639750957489,0.0002014636993408203,0.46745383739471436,55.0,38.0,161.0,69143341
seed_0095_1780886012,95,1780886012,True,True,True,True,True,True,286,286,True,True,True,True,True,True,True,ec13394a045b7d27,5,6000,200,25.0,30.0,25.0,727.0,760.0,4.0,11900.692379236221,200.0,286.0,4415.0,8305.0,False,,sparrow,marimba,junco,marimba,1780898461.755291,1780900702.0032911,5.0,3.0,2.0,junco|junco|junco,727.0,25.0,25.0,760.0,0.056578947368421055,528.0617847442627,0.00028514862060546875,0.6774535179138184,163.0,13.0,186.0,54058133
seed_0096_1780419069,96,1780419069,True,True,True,True,True,True,357,357,True,True,True,True,True,True,True,698b3c1049ec6283,5,6000,200,29.0,30.0,29.0,818.0,851.0,4.0,7779.93940114975,200.0,357.0,24253.0,102815.0,False,,sparrow,percussion instrument,junco,marimba,1780427190.1882486,1780428373.6282885,5.0,3.0,1.0,junco|junco|junco,818.0,29.0,29.0,851.0,0.06345475910693302,424.56777834892273,4.696846008300781e-05,0.2738199234008789,118.0,118.0,81.0,65592635
seed_0097_1780904677,97,1780904677,True,True,True,True,True,True,821,821,True,True,True,True,True,True,True,ec13394a045b7d27,5,6000,200,24.0,30.0,24.0,695.0,728.0,4.0,10258.001757621765,200.0,821.0,5131.0,14582.0,False,,sparrow,percussion instrument,junco,marimba,1780915773.9541407,1780918909.6001923,5.0,3.0,1.0,junco|junco|junco,695.0,24.0,24.0,728.0,0.08791208791208792,809.3138813972473,7.152557373046875e-06,0.004250764846801758,144.0,17.0,182.0,82530010
seed_0098_1780900702,98,1780900702,True,True,True,True,True,True,680,680,True,True,True,True,True,True,True,ec13394a045b7d27,5,6000,200,25.0,30.0,25.0,743.0,776.0,4.0,10064.213825464249,200.0,680.0,6145.0,13335.0,False,,sparrow,percussion instrument,junco,marimba,1780912084.2781231,1780916954.4160872,5.0,3.0,2.0,junco|junco|junco,743.0,25.0,25.0,776.0,0.04639175257731959,849.9506268501282,0.0004477500915527344,0.14478731155395508,108.0,76.0,123.0,114229261
seed_0099_1780918909,99,1780918909,True,True,True,True,True,True,449,449,True,True,True,True,True,True,True,ec13394a045b7d27,5,6000,200,30.0,30.0,30.0,847.0,880.0,4.0,11373.088451623917,200.0,449.0,6518.0,19923.0,False,,sparrow,musical instrument,junco,marimba,1780930734.2162793,1780934121.0827525,5.0,3.0,1.0,marimba|marimba|marimba,847.0,30.0,30.0,880.0,0.09318181818181819,964.1497731208801,0.0031011104583740234,0.6555676460266113,100.0,100.0,99.0,79790353
seed_0100_1780916954,100,1780916954,True,True,True,True,True,True,366,366,True,True,True,True,True,True,True,ec13394a045b7d27,5,6000,200,30.0,30.0,30.0,844.0,877.0,4.0,11133.802220344543,200.0,366.0,8359.0,17897.0,False,,sparrow,musical instrument,junco,marimba,1780928812.0757742,1780932202.8736403,5.0,3.0,1.0,marimba|marimba|marimba,844.0,30.0,30.0,877.0,0.0661345496009122,780.1724088191986,0.000949859619140625,0.6235008835792542,97.0,97.0,102.0,41200238
seed_0101_1780934121,101,1780934121,True,True,True,True,True,True,624,624,True,True,True,True,True,True,True,ec13394a045b7d27,5,6000,200,28.0,30.0,28.0,810.0,843.0,4.0,11711.241758823395,200.0,624.0,8482.0,24839.0,False,,sparrow,musical instrument,junco,marimba,1780946519.2916017,1780950585.4233646,5.0,3.0,1.0,junco|junco|junco,810.0,28.0,28.0,843.0,0.04033214709371293,1101.680427789688,0.0004057884216308594,0.7699253559112549,82.0,82.0,117.0,106172881
seed_0102_1780932203,102,1780932203,True,True,True,True,True,True,363,363,True,True,True,True,True,True,True,ec13394a045b7d27,5,6000,200,27.0,30.0,27.0,781.0,814.0,4.0,11416.015142679214,200.0,363.0,9383.0,23750.0,False,,songbird,marimba,junco,marimba,1780944428.6346896,1780948053.5344908,5.0,3.0,3.0,junco|junco|junco,781.0,27.0,27.0,814.0,0.03562653562653563,730.7057018280029,0.0016357898712158203,0.1942765712738037,131.0,131.0,68.0,66172352
seed_0103_1780950585,103,1780950585,True,True,True,True,True,True,417,417,True,True,True,True,True,True,True,ec13394a045b7d27,5,6000,200,30.0,30.0,30.0,895.0,928.0,4.0,11761.010387182236,200.0,417.0,9698.0,30466.0,False,,songbird,marimba,junco,marimba,1780962776.0471861,1780968271.6965158,5.0,3.0,1.0,marimba|marimba|marimba,895.0,30.0,30.0,928.0,0.0980603448275862,1434.0422019958496,0.0006225109100341797,0.6112542152404785,159.0,159.0,40.0,46018641
seed_0104_1780948053,104,1780948053,True,True,True,True,True,True,605,605,True,True,True,True,True,True,True,ec13394a045b7d27,5,6000,200,27.0,30.0,27.0,785.0,818.0,4.0,11528.626856088638,200.0,605.0,10878.0,29069.0,False,,songbird,marimba,junco,marimba,1780960754.8327048,1780964191.0301874,5.0,3.0,2.0,marimba|junco|junco,785.0,27.0,27.0,818.0,0.03300733496332518,798.3629417419434,0.0014300346374511719,0.5121279954910278,99.0,85.0,114.0,103127806
seed_0105_1780968271,105,1780968271,True,True,True,True,True,True,373,373,True,True,True,True,True,True,True,ec13394a045b7d27,5,6000,200,24.0,30.0,24.0,720.0,753.0,4.0,10353.42180109024,200.0,373.0,10563.0,36529.0,False,,songbird,percussion instrument,junco,marimba,1780979001.7155802,1780980530.230829,5.0,3.0,2.0,junco|junco|junco,720.0,24.0,24.0,753.0,0.08100929614873838,477.7475333213806,0.0021245479583740234,0.8661003708839417,58.0,33.0,166.0,67229001
seed_0106_1780964191,106,1780964191,True,True,True,True,True,True,295,295,True,True,True,True,True,True,True,ec13394a045b7d27,5,6000,200,30.0,30.0,30.0,892.0,925.0,4.0,10272.255030632019,200.0,295.0,12551.0,34214.0,False,,songbird,percussion instrument,junco,marimba,1780975058.5584662,1780980440.859902,5.0,3.0,1.0,marimba|marimba|marimba,892.0,30.0,30.0,925.0,0.12,1213.2601807117462,0.0024871826171875,0.48928141593933105,138.0,138.0,61.0,34741689
seed_0107_1780980530,107,1780980530,True,True,True,True,True,True,595,595,True,True,True,True,True,True,True,ec13394a045b7d27,5,6000,200,27.0,30.0,27.0,788.0,821.0,4.0,12336.81884932518,200.0,595.0,12100.0,41745.0,False,,songbird,percussion instrument,junco,marimba,1780993898.5085227,1780995628.9084532,5.0,3.0,2.0,junco|junco|marimba,788.0,27.0,27.0,821.0,0.08891595615103533,533.7191126346588,0.0008513927459716797,0.5934383869171143,124.0,124.0,75.0,101609716
seed_0108_1780980441,108,1780980441,True,True,True,True,True,True,442,442,True,True,True,True,True,True,True,ec13394a045b7d27,5,6000,200,30.0,30.0,30.0,853.0,886.0,4.0,12258.607806444168,200.0,442.0,14730.0,38960.0,False,,songbird,musical instrument,junco,marimba,1780993622.437808,1780996812.9579792,5.0,3.0,1.0,marimba|marimba|marimba,853.0,30.0,30.0,886.0,0.09480812641083522,834.9483377933502,0.0011029243469238281,0.8254592418670654,118.0,118.0,81.0,78675796
seed_0109_1780995629,109,1780995629,True,True,True,True,True,True,1346,1346,True,True,True,True,True,True,True,ec13394a045b7d27,5,6000,200,30.0,30.0,30.0,854.0,887.0,4.0,12521.499105930328,200.0,1346.0,14733.0,45933.0,False,,songbird,musical instrument,junco,marimba,1781011007.9733117,1781012944.9992588,5.0,3.0,1.0,marimba|marimba|marimba,854.0,30.0,30.0,887.0,0.08793686583990981,602.7107515335083,0.00010037422180175781,0.6235311627388,142.0,142.0,57.0,131776438
seed_0110_1780996813,110,1780996813,True,True,True,True,True,True,466,466,True,True,True,True,True,True,True,ec13394a045b7d27,5,6000,200,30.0,30.0,30.0,867.0,900.0,4.0,13174.593388319016,200.0,466.0,16629.0,43947.0,False,,songbird,musical instrument,junco,marimba,1781010973.7003565,1781012854.3634622,5.0,3.0,1.0,marimba|marimba|marimba,867.0,30.0,30.0,900.0,0.08666666666666667,602.4584274291992,0.0011119842529296875,0.743638277053833,141.0,141.0,58.0,82370404
seed_0111_1781012945,111,1781012945,True,True,True,True,True,True,965,965,True,True,True,True,True,True,True,ec13394a045b7d27,5,6000,200,26.0,30.0,26.0,744.0,777.0,4.0,13244.477355480194,200.0,965.0,17430.0,50123.0,False,,bird,marimba,junco,marimba,1781027744.3477423,1781030691.8597624,5.0,3.0,1.0,junco|junco|junco,744.0,26.0,26.0,777.0,0.039897039897039896,843.3197329044342,0.0015263557434082031,0.034171104431152344,159.0,159.0,40.0,157888095
seed_0112_1781012854,112,1781012854,True,True,True,True,True,True,596,596,True,True,True,True,True,True,True,ec13394a045b7d27,5,6000,200,24.0,30.0,24.0,697.0,730.0,4.0,13173.953993082047,200.0,596.0,19363.0,48113.0,False,,bird,marimba,junco,marimba,1781027262.9784331,1781029272.5554736,5.0,3.0,1.0,junco|junco|junco,697.0,24.0,24.0,730.0,0.03972602739726028,517.3058519363403,0.0004930496215820312,0.07512331008911133,134.0,134.0,65.0,61705132
seed_0113_1781030692,113,1781030692,True,True,True,True,True,True,810,810,True,True,True,True,True,True,True,ec13394a045b7d27,5,6000,200,25.0,30.0,25.0,717.0,750.0,4.0,12498.281933784485,200.0,810.0,19905.0,54425.0,False,,bird,marimba,junco,marimba,1781044021.3845193,1781047860.0598965,5.0,3.0,1.0,junco|junco|junco,717.0,25.0,25.0,750.0,0.03333333333333333,1062.0094676017761,0.0002846717834472656,0.179276704788208,175.0,175.0,24.0,134001462
seed_0114_1781029272,114,1781029272,True,True,True,True,True,True,507,507,True,True,True,True,True,True,True,ec13394a045b7d27,5,6000,200,22.0,30.0,22.0,652.0,685.0,4.0,12283.07969737053,200.0,507.0,20727.0,53479.0,False,,bird,percussion instrument,junco,marimba,1781042546.3595364,1781045281.1854272,5.0,3.0,1.0,junco|junco|junco,652.0,22.0,22.0,685.0,0.013138686131386862,533.152471780777,9.131431579589844e-05,0.11515474319458008,156.0,156.0,43.0,87311320
seed_0115_1781047860,115,1781047860,True,True,True,True,True,True,303,303,True,True,True,True,True,True,True,ec13394a045b7d27,5,6000,200,22.0,30.0,22.0,640.0,673.0,4.0,11207.94946026802,200.0,303.0,22556.0,58524.0,False,,bird,percussion instrument,junco,marimba,1781059384.2614517,1781060711.3253427,5.0,3.0,1.0,junco|junco|junco,640.0,22.0,22.0,673.0,0.05794947994056464,442.37007570266724,4.76837158203125e-05,0.06666040420532227,94.0,89.0,110.0,34417983
seed_0116_1781045281,116,1781045281,True,True,True,True,True,True,557,557,True,True,True,True,True,True,True,ec13394a045b7d27,5,6000,200,27.0,30.0,27.0,783.0,816.0,4.0,11081.068444728851,200.0,557.0,22203.0,58688.0,False,,bird,percussion instrument,junco,marimba,1781057456.7492914,1781061980.552794,5.0,3.0,1.0,junco|junco|junco,783.0,27.0,27.0,816.0,0.06862745098039216,957.8222732543945,0.00047397613525390625,0.055458784103393555,72.0,72.0,127.0,95802050
seed_0117_1781060711,117,1781060711,True,True,True,True,True,True,545,545,True,True,True,True,True,True,True,ec13394a045b7d27,5,6000,200,24.0,30.0,24.0,675.0,708.0,4.0,11775.786832809448,200.0,545.0,24216.0,63537.0,False,,bird,musical instrument,junco,marimba,1781073576.129641,1781075779.3898091,5.0,3.0,2.0,junco|junco|junco,675.0,24.0,24.0,708.0,0.018361581920903956,542.8036770820618,6.628036499023438e-05,0.07293915748596191,196.0,196.0,3.0,93424172
seed_0118_1781061980,118,1781061980,True,True,True,True,True,True,393,393,True,True,True,True,True,True,True,ec13394a045b7d27,5,6000,200,26.0,30.0,26.0,726.0,759.0,4.0,12082.438743114471,200.0,393.0,24533.0,63174.0,False,,bird,musical instrument,junco,marimba,1781074468.9223669,1781077742.2983656,5.0,3.0,2.0,junco|junco|junco,726.0,26.0,26.0,759.0,0.07905138339920949,917.3808059692383,0.0006029605865478516,0.10261082649230957,105.0,105.0,94.0,43223768
seed_0119_1781075779,119,1781075779,True,False,False,False,True,True,0,0,False,False,False,False,False,False,False,ec13394a045b7d27,5,6000,200,,,,,,,,,,,,,,,,,,,,,,,,,,,,,,4.00543212890625e-05,0.05942487716674805,46.0,37.0,162.0,1552919
seed_0120_1781077742,120,1781077742,True,False,False,False,True,True,0,0,False,False,False,False,False,False,False,ec13394a045b7d27,5,ERR:ArrowInvalid,ERR:ArrowInvalid,,,,,,,,,,,,,,,,,,,,,,,,,,,,,,,,,,,767593
