seed_idx,run_dir,target,la,lt,label_a,label_b,common_ancestor_level,seed_idx_in_class,image_dim,crossed,frac_crossed,first_gen_crossed,max_p_class_b,min_tgtbal,median_tgtbal,nb_mean_img,nb_med_img,nb_mean_txt,nb_med_txt,nb_mean_img_frac,all_mean_img,all_mean_txt,all_mean_img_frac,rho_tgtbal_img,p_rho_img,rho_tgtbal_txt,p_rho_txt,best_tgtbal,best_gen,best_p_a,best_p_b,best_pred,best_n_act_img,best_n_act_txt,best_token_edits,baseline_text,best_text,n_zero_txt_rows,lalt,jumpiness
0,seed_0000_1779779762,ostrich,0,0,sparrow,ratite,2.0,0,222,False,0.0,-1,0.4998786449432373,0.0004854202270507,1.6763267517089844,15.94,13.0,8.36,8.0,0.0718018018018018,13.379666666666669,8.949833333333334,0.0602687687687687,-0.161493570598433,2.4165702424930556e-36,-0.0525095800232832,4.714762158825198e-05,0.0004854202270507,111,0.5001213550567627,0.4998786449432373,sparrow,13,8,5,,What is the white quoet in thi s cousry?,0,"(0, 0)",0.4345137167739547
1,seed_0001_1779779762,ostrich,0,0,sparrow,ratite,2.0,1,276,False,0.0,-1,0.3450925946235657,0.6406810283660889,1.858280897140503,5.0,5.0,6.94,7.0,0.0181159420289855,5.714166666666666,7.795166666666667,0.0207035024154589,0.1710612801162099,1.248646527148501e-40,-0.1492073849262717,3.251940965512842e-31,0.6406810283660889,127,0.6549074053764343,0.3450925946235657,sparrow,5,7,4,,What is the mcаn resolution in this to pic?,0,"(0, 0)",0.05757102765614278
2,seed_0002_1779796697,ostrich,0,0,sparrow,ratite,2.0,2,222,True,0.0001666666666666,99,0.5162412524223328,0.0649878978729248,1.4834890365600586,23.3,18.0,9.44,9.0,0.1049549549549549,18.529166666666665,7.987833333333334,0.0834647147147147,-0.3987700913114808,7.04320692352758e-228,-0.2058487780815738,2.0170747051946816e-58,0.0649878978729248,99,0.4837587475776672,0.5162412524223328,ratite,17,9,8,,W hat is the dobmnant feature in thi s quze tion?,0,"(0, 0)",0.2030900140550692
3,seed_0003_1779794022,ostrich,0,1,sparrow,flightless bird,2.0,0,222,True,0.4286666666666666,0,0.7639535665512085,4.57763671875e-05,0.0683039426803588,7.28,7.0,6.0,6.0,0.0327927927927927,6.849166666666667,6.808166666666667,0.0308521021021021,0.0629725842232025,1.0519418225435187e-06,0.312246724117104,8.06863531462197e-136,4.57763671875e-05,135,0.5000114440917969,0.4999885559082031,sparrow,8,6,4,,What is the current object in thi s image?,0,"(0, 1)",0.32110965007200437
4,seed_0004_1779812704,ostrich,0,1,sparrow,flightless bird,2.0,1,276,True,0.0728333333333333,0,0.6986905932426453,0.0001962184906005,0.592341959476471,4.86,5.0,6.84,7.0,0.0176086956521739,4.224833333333334,6.1695,0.0153073671497584,-0.0385957178547937,0.002788837640006,-0.3899930295505237,3.4306150516308723e-217,0.0001962184906005,196,0.5000490546226501,0.4999509453773498,sparrow,5,8,4,,What іs the mani mebsage in this coursj?,0,"(0, 1)",0.5518393232261793
5,seed_0005_1779808731,ostrich,0,1,sparrow,flightless bird,2.0,2,222,True,0.2928333333333333,0,0.7688847780227661,0.0001773834228515,0.2068796157836914,4.74,5.0,11.2,11.0,0.0213513513513513,6.827,10.058833333333334,0.0307522522522522,-0.0328513836889886,0.0109335999174034,0.0799496072852137,5.592459183281792e-10,0.0001773834228515,195,0.5000443458557129,0.4999556541442871,sparrow,6,10,5,,What is the photographnс figure in thi s topic?,0,"(0, 1)",0.49623992014267443
6,seed_0006_1779825618,ostrich,1,0,songbird,ratite,2.0,0,222,False,0.0,-1,0.4973888993263244,0.0104445219039917,1.2671509981155396,5.58,6.0,6.1,6.0,0.0251351351351351,4.146,5.878166666666667,0.0186756756756756,-0.1984119771326377,2.530029256330317e-54,-0.4528566725362242,2.6791234871344906e-301,0.0104445219039917,75,0.5026111006736755,0.4973888993263244,songbird,7,6,5,,What is the rmltaed concept in thi s essay?,0,"(1, 0)",0.3171951153337151
7,seed_0007_1779823735,ostrich,1,0,songbird,ratite,2.0,1,276,False,0.0,-1,0.492759108543396,0.0289654731750488,1.0811370611190796,6.92,7.0,9.5,10.0,0.0250724637681159,5.881666666666667,9.726166666666666,0.0213103864734299,-0.2374993642579986,1.0395667512625687e-77,-0.4518819967452639,7.463932610319952e-300,0.0289654731750488,118,0.5072408318519592,0.492759108543396,songbird,5,10,5,,What is the cukrent information in thi s book?,0,"(1, 0)",0.41710030482352994
8,seed_0008_1779843581,ostrich,1,0,songbird,ratite,2.0,2,222,False,0.0,-1,0.4810194969177246,0.0759584903717041,1.0775023102760315,8.48,8.0,7.44,7.0,0.0381981981981982,6.852833333333334,7.9485,0.0308686186186186,-0.2214862939904217,1.4210466893590684e-67,-0.278685336806431,1.850964661577477e-107,0.0759584903717041,145,0.5189805030822754,0.4810194969177246,songbird,8,7,4,,What is the fdoal informa tion in this book?,0,"(1, 0)",0.21197659455840712
9,seed_0009_1779838222,ostrich,1,1,songbird,flightless bird,2.0,0,222,True,0.1931666666666666,0,0.6571336388587952,5.245208740234375e-06,0.1928565502166748,6.3,4.0,10.78,12.0,0.0283783783783783,6.340833333333333,9.793333333333331,0.0285623123123123,0.1321935774589848,8.433874462952936e-25,-0.1648779649136796,7.875753691904503e-38,5.245208740234375e-06,153,0.5000013113021851,0.4999986886978149,songbird,9,8,5,,What іs the main re asdn in thiѕ area?,0,"(1, 1)",0.4879514610883231
10,seed_0010_1779858298,ostrich,1,1,songbird,flightless bird,2.0,1,276,True,0.1998333333333333,0,0.6572830677032471,8.785724639892578e-05,0.4687788486480713,7.68,7.5,8.2,8.5,0.0278260869565217,8.704,6.664,0.0315362318840579,0.3433818594247347,1.1699258224581876e-165,-0.5352964934347458,0.0,8.785724639892578e-05,47,0.4999780654907226,0.5000219941139221,flightless bird,8,7,4,,What іs the signiifcint resol ution in this image?,0,"(1, 1)",0.700536919774893
11,seed_0011_1779854570,ostrich,1,1,songbird,flightless bird,2.0,2,222,True,0.3198333333333333,0,0.660300612449646,7.62939453125e-05,0.1314481496810913,4.5,5.0,9.28,8.0,0.0202702702702702,5.227833333333334,8.8075,0.0235487987987988,-0.0004909892166522,0.969668594936028,0.201959341178527,2.940630886703809e-56,7.62939453125e-05,19,0.5000190734863281,0.4999809265136719,songbird,2,12,9,,W hat is the prom innkt informa tion in thi s course?,0,"(1, 1)",0.608375656339453
12,seed_0012_1779872483,green iguana,0,0,sparrow,iguana,,0,222,True,0.0285,37,0.7307175397872925,0.003281831741333,3.921812295913696,10.76,11.0,6.64,7.0,0.0484684684684684,15.195666666666666,6.885833333333333,0.0684489489489489,0.1134127074553721,1.2345800952309754e-18,-0.16190278369722,1.603698487350045e-36,0.003281831741333,115,0.5008204579353333,0.4991795420646667,sparrow,11,6,4,,What is the y ellow animal in this list?,0,"(0, 0)",0.5524998550782899
13,seed_0013_1779870048,green iguana,0,0,sparrow,iguana,,1,276,False,0.0,-1,0.2275122106075287,1.222412347793579,4.912022113800049,17.06,16.0,10.3,10.0,0.0618115942028985,12.738833333333334,8.239,0.0461551932367149,-0.0512588403742922,7.118894880030602e-05,-0.2985983148882357,7.990485500140492e-124,1.222412347793579,123,0.7724878191947937,0.2275122106075287,sparrow,22,13,9,,W hat іs the red figuhr in thi s artzd le?,0,"(0, 0)",0.0677254133811265
14,seed_0014_1779884961,green iguana,0,0,sparrow,iguana,,2,222,True,0.0208333333333333,55,0.9141569137573242,0.0002775192260742,4.551907539367676,12.92,13.0,7.62,7.0,0.0581981981981982,9.918666666666669,8.6175,0.0446786786786786,-0.1384793861595633,4.4550334764234535e-27,-0.1365206994319432,2.344244380667365e-26,0.0002775192260742,138,0.5000693798065186,0.4999306201934814,sparrow,14,6,5,,W hat is the major nonu in this list?,0,"(0, 0)",0.8189315767653595
15,seed_0015_1779886296,green iguana,0,1,sparrow,lizard,,0,222,True,0.01,12,0.627200722694397,0.001950979232788,1.5120440125465393,33.7,21.0,8.72,8.0,0.1518018018018018,19.238666666666667,6.818,0.0866606606606606,-0.3873091713158628,5.482107818729442e-214,-0.2580406230919443,7.153615964080438e-92,0.001950979232788,40,0.499512255191803,0.500487744808197,lizard,22,8,5,,What is the mhajmr interest in thi s section?,0,"(0, 1)",0.4151767456018698
16,seed_0016_1779899585,green iguana,0,1,sparrow,lizard,,1,276,False,0.0,-1,0.4655522108078003,0.1380097866058349,2.337482213973999,19.56,19.0,11.24,11.0,0.0708695652173913,14.082166666666666,8.847,0.051022342995169,-0.1494954366421806,2.4928447412575767e-31,-0.5158754635169929,0.0,0.1380097866058349,149,0.5344477891921997,0.4655522108078003,sparrow,23,11,7,,What іs the possbile conflict in thi s sеnten ec?,0,"(0, 1)",0.20752156203135158
17,seed_0017_1779900659,green iguana,0,1,sparrow,lizard,,2,222,True,0.0223333333333333,4,0.5963067412376404,0.0001270771026611,1.7435007095336914,16.28,12.5,8.96,9.0,0.0733333333333333,12.785166666666669,8.204666666666666,0.0575908408408408,-0.1986536973676595,1.8726829496582407e-54,-0.0877332685067406,9.930717364071044e-12,0.0001270771026611,146,0.4999682307243347,0.5000317692756653,lizard,12,10,5,,What is the probablc nonu in thi s class?,0,"(0, 1)",0.8019581228052656
18,seed_0018_1779913977,green iguana,0,2,sparrow,reptile,,0,222,True,0.0123333333333333,0,0.6898956298828125,0.0002920627593994,1.375725030899048,4.74,5.0,6.34,5.0,0.0213513513513513,4.6305,6.675666666666666,0.0208581081081081,-0.0605200099117122,2.716294749992152e-06,-0.1052159232382885,3.058942340105724e-16,0.0002920627593994,131,0.5000730156898499,0.4999269843101501,sparrow,3,5,6,,W hat is the photographic joke in this artic le?,0,"(0, 2)",0.9580864481234987
19,seed_0019_1779914598,green iguana,0,2,sparrow,reptile,,1,276,True,0.127,0,0.7466149926185608,0.000218391418457,0.7910731434822083,7.82,8.0,7.32,7.0,0.0283333333333333,7.67,7.272166666666666,0.0277898550724637,-0.0084836201730421,0.5111723659427015,-0.3160683560293191,2.7016662079894408e-139,0.000218391418457,135,0.5000545978546143,0.4999454021453857,sparrow,8,7,7,,W hat is the principal conflict in thi s question?,0,"(0, 2)",0.6134971638276011
20,seed_0020_1779928083,green iguana,0,2,sparrow,reptile,,2,222,True,0.0401666666666666,3,0.6222497820854187,0.0015227794647216,0.9629820585250854,3.98,4.0,6.44,6.0,0.0179279279279279,7.067333333333333,6.718833333333333,0.0318348348348348,-0.0246602992472136,0.0561240694104257,-0.1862203506266903,5.926711188896026e-48,0.0015227794647216,151,0.4996193051338196,0.5003806948661804,reptile,3,6,2,,What is the favovrite subject in this list?,0,"(0, 2)",0.787625980657921
21,seed_0021_1779931262,green iguana,1,0,songbird,iguana,,0,222,True,0.0386666666666666,16,0.5929031372070312,0.0007736682891845,2.9319525957107544,12.32,11.5,4.26,4.0,0.0554954954954955,16.854833333333332,4.970833333333333,0.0759226726726726,0.0476382727699596,0.0002230479618446,0.0242198881935684,0.0606623178389672,0.0007736682891845,113,0.4998065829277038,0.5001934170722961,iguana,12,4,3,,What is the photographic conflict in this list?,0,"(1, 0)",0.6414603719703758
22,seed_0022_1779943150,green iguana,1,0,songbird,iguana,,1,276,True,0.0136666666666666,21,0.6147209405899048,0.0011281967163085,3.1787052154541016,6.98,7.0,7.12,7.0,0.0252898550724637,7.544833333333333,6.137,0.0273363526570048,-0.1645494300761112,1.1016433506008026e-37,-0.2039537570089509,2.3147113543942796e-57,0.0011281967163085,163,0.5002820491790771,0.4997179508209228,songbird,8,8,3,,What is the pricniqal conflcit in this list?,0,"(1, 0)",0.7853344425574215
23,seed_0023_1779949141,green iguana,1,0,songbird,iguana,,2,222,True,0.0026666666666666,53,0.517961859703064,0.000185489654541,1.7337850332260132,10.86,11.0,5.66,6.0,0.0489189189189189,11.501,5.466333333333333,0.0518063063063063,-0.1192202584915274,1.9343794571764634e-20,0.0387885136628404,0.0026553705045494,0.000185489654541,105,0.4999536275863647,0.5000463724136353,iguana,13,5,3,,What is the principal conflict in this question?,0,"(1, 0)",0.5521795501990213
24,seed_0024_1779959809,green iguana,1,1,songbird,lizard,,0,222,True,0.0115,14,0.6900497674942017,0.0002686977386474,1.4969422817230225,17.64,16.0,8.06,8.0,0.0794594594594594,13.592166666666667,8.337833333333334,0.0612259759759759,0.0824853969634624,1.5653494325023934e-10,-0.250995383904688,7.261847131682558e-87,0.0002686977386474,170,0.4999328255653381,0.5000671744346619,lizard,26,7,5,,What іs the рrobab le figure in this list?,0,"(1, 1)",0.6400629618556012
25,seed_0025_1779966185,green iguana,1,1,songbird,lizard,,1,276,False,0.0,-1,0.4171681702136993,0.334409236907959,2.17798376083374,7.02,7.0,9.62,10.0,0.0254347826086956,8.565833333333334,7.639666666666667,0.0310356280193236,0.0813932216473819,2.721676338474261e-10,-0.3899698829746206,3.657033669568396e-217,0.334409236907959,97,0.5828317999839783,0.4171681702136993,songbird,6,10,7,,What іs the predo minanb joke in thi s cahmter?,0,"(1, 1)",0.11623649257671893
26,seed_0026_1779976995,green iguana,1,1,songbird,lizard,,2,222,True,0.0013333333333333,156,0.5252479314804077,0.0111563205718994,1.2051129341125488,6.22,6.0,10.32,10.0,0.028018018018018,4.5745,10.097333333333331,0.0206058558558558,-0.0437586231223951,0.0006977897360434,-0.0262300517965089,0.0421843110313528,0.0111563205718994,186,0.4972109794616699,0.5027890801429749,lizard,5,11,6,,What іs the faeorite joke in thiѕ cl asz?,0,"(1, 1)",0.2953092127406788
27,seed_0027_1779981692,green iguana,1,2,songbird,reptile,,0,222,True,0.0315,4,0.5987593531608582,0.0012967586517333,1.14031720161438,8.7,8.0,7.56,7.0,0.0391891891891891,9.964166666666667,6.365166666666667,0.0448836336336336,0.1571434489593759,1.7671416786428727e-34,-0.4613631190991221,0.0,0.0012967586517333,35,0.5003241896629333,0.4996758103370666,songbird,11,7,4,,What іs the ipmoratnt conflict in this book?,0,"(1, 2)",0.648204593633077
28,seed_0028_1779993131,green iguana,1,2,songbird,reptile,,1,276,True,0.049,3,0.5659816861152649,0.0003855228424072,0.6696031093597412,7.72,7.0,5.74,6.0,0.0279710144927536,7.195166666666666,6.136,0.0260694444444444,0.1490631537260118,3.714175352011634e-31,-0.2376751786557938,7.965507763061319e-78,0.0003855228424072,16,0.4999036192893982,0.5000963807106018,reptile,8,9,7,,W hat is the protabel conflict in thiѕ senten ce?,0,"(1, 2)",0.739687409028607
29,seed_0029_1779998847,green iguana,1,2,songbird,reptile,,2,222,True,0.0543333333333333,5,0.5787563323974609,3.314018249511719e-05,0.8072069883346558,6.9,6.0,6.02,6.0,0.031081081081081,12.324333333333334,7.1585,0.055515015015015,0.0257940398840554,0.0457260022457374,0.192877344469151,2.2296339876453047e-51,3.314018249511719e-05,132,0.5000082850456238,0.4999917149543762,songbird,8,6,3,,What іs the faeorite conflict in this image?,0,"(1, 2)",0.7382493634536463
30,seed_0030_1780009894,green iguana,2,0,bird,iguana,,0,222,True,0.6591666666666667,0,0.9988705515861512,0.0008991956710815,1.1549822092056274,5.14,5.0,9.0,9.0,0.0231531531531531,5.336,9.341666666666669,0.024036036036036,0.1051892792402287,3.112156897868957e-16,-0.0461189460969254,0.0003522206849436,0.0008991956710815,168,0.499775230884552,0.5002248287200928,iguana,5,9,6,,W hat is the favovrite mes sаge in this topic?,0,"(2, 0)",0.7768628957687301
31,seed_0031_1780011438,green iguana,2,0,bird,iguana,,1,276,True,0.246,0,0.9980109333992004,0.0004549026489257,1.7175008058547974,5.12,6.0,8.58,8.0,0.0185507246376811,7.891166666666667,7.561833333333333,0.0285911835748792,0.1712681166571857,1.0021105089187235e-40,-0.2914300039633596,8.852102269244916e-118,0.0004549026489257,115,0.4998862743377685,0.5001137256622314,iguana,6,8,3,,What іs the whtie idеa in this image?,0,"(2, 0)",0.9520079841561943
32,seed_0032_1780024232,green iguana,2,0,bird,iguana,,2,222,True,0.5058333333333334,0,0.9964731335639954,0.0010931491851806,0.935244083404541,4.02,4.0,7.94,8.0,0.0181081081081081,4.307,7.949,0.0194009009009008,-0.0225879954399543,0.0802016494943521,0.088627772822326,6.1047443473629876e-12,0.0010931491851806,157,0.5002732872962952,0.4997267127037048,bird,3,7,3,,What іs the favovrite subject in this text?,0,"(2, 0)",0.6659192363819721
33,seed_0033_1780025132,green iguana,2,1,bird,lizard,,0,222,True,0.2355,0,0.96115905046463,0.0024974346160888,1.6604411602020264,3.6,4.0,10.3,11.0,0.0162162162162162,6.844,9.187,0.0308288288288288,0.2208016312026136,3.703643296037433e-67,-0.3418800715610126,3.878965977595111e-164,0.0024974346160888,9,0.4993756413459778,0.5006243586540222,lizard,3,11,3,,What is the photographnс toрic in this twtx?,0,"(2, 1)",0.5467471247808785
34,seed_0034_1780039061,green iguana,2,1,bird,lizard,,1,276,True,0.3115,0,0.969024419784546,0.0002741813659667,1.1888530254364014,5.24,4.0,9.78,10.0,0.0189855072463768,12.921,8.798666666666668,0.0468152173913043,0.1846358201745961,3.707705396479457e-47,-0.2947805028379748,1.3916418991745772e-120,0.0002741813659667,104,0.4999314546585083,0.5000685453414917,lizard,10,7,3,,What іs the roеated subject in this povts?,0,"(2, 1)",0.7606595668671372
35,seed_0035_1780038236,green iguana,2,1,bird,lizard,,2,222,True,0.2916666666666667,0,0.9772449135780334,8.249282836914062e-05,1.2579503059387207,4.54,3.5,8.26,9.0,0.0204504504504504,11.551333333333334,7.533,0.052033033033033,0.2500036214525017,3.5746681057775014e-86,-0.2383306523954371,2.946092826671007e-78,8.249282836914062e-05,186,0.5000206232070923,0.4999793767929077,bird,5,7,5,,What is the importanv cliam in thi s essay?,0,"(2, 1)",0.9005546598276061
36,seed_0036_1780052734,green iguana,2,2,bird,reptile,,0,222,True,0.4373333333333333,0,0.98331218957901,0.0007815361022949,0.3644042015075683,11.6,12.0,5.88,6.0,0.0522522522522522,9.1635,7.1225,0.041277027027027,-0.2076153801704434,2.028714008237109e-59,0.3223775024805164,3.814118370519363e-145,0.0007815361022949,65,0.4998046159744262,0.5001953840255737,reptile,9,5,1,,What is the main topic in this image?,0,"(2, 2)",0.17651925633565999
37,seed_0037_1780054076,green iguana,2,2,bird,reptile,,1,276,True,0.6463333333333333,0,0.9887608885765076,5.841255187988281e-05,0.8188309669494629,10.52,10.0,8.76,8.0,0.0381159420289855,12.111166666666668,8.887166666666667,0.043881038647343,-0.0649322925466339,4.806044347892405e-07,-0.0441275288651678,0.0006283858134852,5.841255187988281e-05,9,0.50001460313797,0.49998539686203,bird,6,11,7,,W hat іs the keу figrue in thiѕ question?,0,"(2, 2)",0.799544320070592
38,seed_0038_1780069542,green iguana,2,2,bird,reptile,,2,222,True,0.4886666666666667,0,0.986933708190918,0.0001373291015625,0.6501185894012451,5.46,4.0,6.12,7.0,0.0245945945945945,6.9398333333333335,5.833333333333333,0.0312605105105105,0.0604274759096648,2.8133354681613116e-06,0.2542929031572199,3.445881676516757e-89,0.0001373291015625,1,0.5000343322753906,0.4999656677246094,bird,10,10,7,,What іs the interestifg ehetn in thi s s tory?,0,"(2, 2)",0.5321352814820017
39,seed_0039_1780067455,boa constrictor,0,0,sparrow,constrictor,,0,222,True,0.0613333333333333,8,0.7478182911872864,0.0001418590545654,1.146224558353424,11.02,10.5,6.52,6.0,0.0496396396396396,10.971166666666669,7.191666666666666,0.0494196696696696,-0.1006756531396695,5.4293682095104326e-15,0.1213617498533475,3.9636766169274055e-21,0.0001418590545654,106,0.4999645352363586,0.5000354647636414,constrictor,15,6,3,,What is the photographnс figure in this book?,0,"(0, 0)",0.6424626577061586
40,seed_0040_1780090517,boa constrictor,0,0,sparrow,constrictor,,1,276,True,0.0553333333333333,2,0.8209031224250793,0.0003893375396728,1.065578281879425,9.76,10.0,8.14,7.0,0.0353623188405797,9.653333333333334,8.496333333333334,0.034975845410628,-0.0946915385525916,1.9855454288575297e-13,-0.0274285233534895,0.033623236149077,0.0003893375396728,174,0.4999026656150818,0.5000973343849182,constrictor,8,11,9,,W hat іs the y ellzw concept in thi s chapter?,0,"(0, 0)",0.4745735615827363
41,seed_0041_1780081777,boa constrictor,0,0,sparrow,constrictor,,2,222,True,0.0163333333333333,12,0.6043080687522888,0.0014677047729492,1.995507538318634,8.56,9.0,8.76,9.0,0.0385585585585585,7.5485,7.848166666666667,0.0340022522522522,-0.1851790019270121,1.981289212754727e-47,-0.4452527395771722,3.7747076015595425e-290,0.0014677047729492,86,0.5003669261932373,0.4996330738067627,sparrow,9,10,4,,What іs the favorite conflict in this questfon?,0,"(0, 0)",0.6855027240318395
42,seed_0042_1780105620,boa constrictor,0,1,sparrow,snake,,0,222,False,0.0,-1,0.3462687730789184,0.6354809999465942,6.8676488399505615,6.84,7.0,6.14,6.0,0.0308108108108108,6.198333333333333,5.5585,0.0279204204204204,-0.0343674449887241,0.0077603463658157,-0.5086385939551581,0.0,0.6354809999465942,191,0.6537311673164368,0.3462687730789184,sparrow,8,6,3,,What is the related quote in this еssay?,0,"(0, 1)",0.12128662540102572
43,seed_0043_1780094603,boa constrictor,0,1,sparrow,snake,,1,276,False,0.0,-1,0.3955063819885254,0.4242240786552429,8.525593757629395,11.38,11.0,10.56,10.0,0.041231884057971,14.322,8.050833333333333,0.051891304347826,0.1128757419869943,1.7940788230831634e-18,-0.5458863388679621,0.0,0.4242240786552429,195,0.6044935584068298,0.3955063819885254,sparrow,12,10,6,,What is the favo rite joke in thi s еsvay?,0,"(0, 1)",0.2207870328336274
44,seed_0044_1780120986,boa constrictor,0,1,sparrow,snake,,2,222,False,0.0,-1,0.3423641920089721,0.6527762413024902,4.7503502368927,15.0,16.0,6.64,7.0,0.0675675675675675,10.4505,7.0088333333333335,0.0470743243243243,-0.1635345485963739,3.092859262290498e-37,0.0511300094435376,7.423741819000914e-05,0.6527762413024902,164,0.6576358079910278,0.3423641920089721,sparrow,15,7,3,,What is the rmltaed toрic in this еssay?,0,"(0, 1)",0.13495747756561574
45,seed_0045_1780111250,boa constrictor,0,2,sparrow,reptile,,0,222,True,0.0538333333333333,0,0.6769924759864807,0.0005068778991699,0.7931822538375854,6.74,6.0,7.82,8.0,0.0303603603603603,7.385166666666667,7.406333333333333,0.0332665165165165,-0.1431489364555473,7.712570029983852e-29,-0.2520380617719271,1.348915342324375e-87,0.0005068778991699,169,0.5001267194747925,0.4998732805252075,sparrow,8,8,3,,What is the foаcl conflict in this toipc?,0,"(0, 2)",0.7703353572484726
46,seed_0046_1780138214,boa constrictor,0,2,sparrow,reptile,,1,276,True,0.0706666666666666,18,0.5883647203445435,0.0010478496551513,1.3806567192077637,7.78,8.0,7.1,7.0,0.0281884057971014,8.085666666666667,7.367166666666667,0.0292958937198067,-0.0869371401309688,1.5250834026906078e-11,-0.0475928780572322,0.0002261567969902,0.0010478496551513,66,0.5002619624137878,0.4997380375862121,sparrow,10,7,4,,W hat іs the red subject in this image?,0,"(0, 2)",0.5255367083619447
47,seed_0047_1780129380,boa constrictor,0,2,sparrow,reptile,,2,222,True,0.0495,6,0.6643852591514587,0.0002498626708984,1.0289217829704285,7.06,7.0,6.48,6.0,0.0318018018018018,8.672,5.9478333333333335,0.039063063063063,-0.0918567546651791,1.0125794185720505e-12,-0.1434764177955406,5.773045460844555e-29,0.0002498626708984,65,0.5000624656677246,0.4999375343322754,sparrow,5,8,7,,W hat is the mаbin conflict in thi s paper?,0,"(0, 2)",0.8759641984871842
48,seed_0048_1780152376,boa constrictor,1,0,songbird,constrictor,,0,222,True,0.2946666666666667,1,0.697948694229126,0.0002064704895019,0.288126528263092,3.16,3.0,7.36,7.0,0.0142342342342342,4.119,7.133333333333334,0.018554054054054,0.0010455858693533,0.935462724519331,0.1308371548092433,2.5309984724393995e-24,0.0002064704895019,60,0.4999483823776245,0.5000516176223755,constrictor,2,9,5,,What іs the photogarphic conflcit in thi s image?,0,"(1, 0)",0.4908518395844045
49,seed_0049_1780140340,boa constrictor,1,0,songbird,constrictor,,1,276,True,0.064,18,0.5950177907943726,0.0003861188888549,1.3562280535697937,6.54,5.0,8.68,9.0,0.023695652173913,9.280166666666666,7.2705,0.0336237922705314,-0.0368099523594952,0.0043491735941595,-0.4394761260994641,7.221490950191456e-282,0.0003861188888549,76,0.5000964999198914,0.4999034404754638,songbird,4,9,5,,What іs the faeorite concept in this artzd le?,0,"(1, 0)",0.778308422988728
50,seed_0050_1780167115,boa constrictor,1,0,songbird,constrictor,,2,222,True,0.1038333333333333,1,0.6840773820877075,8.33272933959961e-05,0.9578717947006226,12.54,7.0,12.32,14.0,0.0564864864864864,14.3395,10.6515,0.0645923423423423,0.0566921514740145,1.112970612589486e-05,-0.2904037370503398,6.283367861956023e-117,8.33272933959961e-05,160,0.4999791979789734,0.5000208616256714,constrictor,10,14,9,,W hat іs the рrobba le reslotuion in thi s essay?,0,"(1, 0)",0.7307596875796779
51,seed_0051_1780155232,boa constrictor,1,1,songbird,snake,,0,222,False,0.0,-1,0.3539716899394989,0.6016263961791992,4.296262741088867,11.72,11.5,8.78,9.0,0.0527927927927927,7.084666666666666,7.162833333333333,0.0319129129129129,0.0302572799087899,0.0190900886809613,-0.5985194324247801,0.0,0.6016263961791992,49,0.6460283398628235,0.3539716899394989,songbird,12,9,4,,What is the correct confl ict in this psasage?,0,"(1, 1)",0.09007725445966397
52,seed_0052_1780182692,boa constrictor,1,1,songbird,snake,,1,276,False,0.0,-1,0.3536225855350494,0.6031532883644104,4.706251859664917,18.12,22.0,6.28,7.0,0.0656521739130434,12.313333333333333,5.251,0.0446135265700483,-0.2446955159825349,1.6052487346849704e-82,-0.4491546186321,7.787635117523632e-296,0.6031532883644104,152,0.6463773846626282,0.3536225855350494,songbird,26,7,4,,What is the whit e message in this chatper?,0,"(1, 1)",0.12825592338428785
53,seed_0053_1780174965,boa constrictor,1,1,songbird,snake,,2,222,True,0.0018333333333333,99,0.5458723902702332,0.0087894797325134,3.3504451513290405,4.08,4.0,11.46,12.0,0.0183783783783783,3.9355,10.125,0.0177274774774774,-0.1608512050311494,4.5897657513223505e-36,-0.3514221154097641,6.07151333596355e-174,0.0087894797325134,194,0.5021973252296448,0.4978026151657104,songbird,2,12,7,,What is the рirnci pzl joke in thi s praa graрh?,0,"(1, 1)",0.3869431585299925
54,seed_0054_1780198153,boa constrictor,1,2,songbird,reptile,,0,222,True,0.0493333333333333,11,0.5690059065818787,1.430511474609375e-06,1.0448861122131348,8.16,8.0,4.5,4.0,0.0367567567567567,8.480166666666667,3.9643333333333337,0.0381989489489489,0.0389883692557648,0.0025231998881886,-0.1915112845484779,1.151963280538917e-50,1.430511474609375e-06,155,0.4999996423721313,0.5000003576278687,reptile,8,4,3,,What is the predominant conflict in this course?,0,"(1, 2)",0.7801081526046761
55,seed_0055_1780190185,boa constrictor,1,2,songbird,reptile,,1,276,True,0.0453333333333333,6,0.5604950785636902,0.0008764266967773,0.8629775047302246,8.22,8.0,6.8,7.0,0.0297826086956521,8.9205,7.464333333333333,0.032320652173913,-0.045055853061751,0.0004811135476141,-0.235862616654927,1.2269450659606028e-76,0.0008764266967773,164,0.4997808933258056,0.5002191066741943,reptile,9,7,4,,What іs the posisble conflict in this book?,0,"(1, 2)",0.6816589402521775
56,seed_0056_1780215148,boa constrictor,1,2,songbird,reptile,,2,222,True,0.0456666666666666,4,0.5861573219299316,0.0003631114959716,1.2008904218673706,5.84,6.0,8.46,8.0,0.0263063063063063,5.6723333333333334,7.191166666666667,0.025551051051051,0.0761425338178286,3.519620766915343e-09,-0.3581532505357562,4.553546072391283e-181,0.0003631114959716,194,0.5000907778739929,0.4999092221260071,songbird,6,9,4,,What is the photographiс conflict in this paray raph?,0,"(1, 2)",0.7155939552103978
57,seed_0057_1780206561,boa constrictor,2,0,bird,constrictor,,0,222,True,0.5618333333333333,0,0.9822770953178406,0.000195026397705,1.4674732685089111,2.68,2.5,14.38,15.0,0.012072072072072,5.692333333333333,10.632333333333332,0.0256411411411411,0.0334296600006323,0.0096077865010306,-0.0474743540873047,0.0002344666168836,0.000195026397705,14,0.5000487565994263,0.4999512434005737,bird,2,15,7,,W hat is the whiet  claіfm in thi s article?,0,"(2, 0)",1.1799080373670858
58,seed_0058_1780227998,boa constrictor,2,0,bird,constrictor,,1,276,True,0.3461666666666667,0,0.9931064248085022,0.0008416175842285,1.7800136804580688,5.56,6.0,10.44,10.0,0.0201449275362318,7.1255,8.8225,0.0258170289855072,0.1486251300296202,5.556508140386369e-31,-0.2062659537260616,1.1748912316695538e-58,0.0008416175842285,71,0.4997895956039428,0.5002104043960571,constrictor,5,10,6,,What is the possbile topic in thi s les sop?,0,"(2, 0)",0.5800992808601296
59,seed_0059_1780224075,boa constrictor,2,0,bird,constrictor,,2,222,True,0.2596666666666666,0,0.9922544956207277,0.0002422332763671,1.523271083831787,6.7,7.0,1.6,1.5,0.0301801801801801,5.667666666666666,4.104,0.02553003003003,-0.1354876103926845,5.573681311416211e-26,-0.0104392684402507,0.4188167289821156,0.0002422332763671,49,0.4999394416809082,0.5000605583190918,constrictor,5,2,1,What is the main subject in this image?,What is the main subject in this questfon?,3,"(2, 0)",0.9599505037121896
60,seed_0060_1780260183,boa constrictor,2,1,bird,snake,,0,222,True,0.0115,22,0.5774160027503967,0.0011653900146484,4.748506307601929,7.18,7.0,5.82,6.0,0.0323423423423423,9.2255,4.068666666666667,0.0415563063063063,-0.0438951063103346,0.0006713219066709,-0.505388843319901,0.0,0.0011653900146484,72,0.5002913475036621,0.4997086524963379,bird,3,6,4,,What iѕ the inoerestinp topic in this list?,0,"(2, 1)",0.8647924192848451
61,seed_0061_1780475753,boa constrictor,2,1,bird,snake,,1,276,True,0.0213333333333333,33,0.5775137543678284,0.0010814666748046,4.280627250671387,11.1,11.0,5.66,6.0,0.0402173913043478,16.995333333333335,6.203166666666666,0.0615772946859903,0.1087358810423939,3.0160247452196796e-17,-0.4377152400240339,2.2457430127291173e-279,0.0010814666748046,91,0.4997296333312988,0.5002703666687012,snake,11,6,4,,What is the cruernt word in this senten ce?,0,"(2, 1)",0.9503519256438225
62,seed_0062_1780268107,boa constrictor,2,1,bird,snake,,2,222,False,0.0,-1,0.3210594952106476,0.7489070892333984,4.637568950653076,24.36,24.0,11.4,11.0,0.1097297297297297,11.917333333333334,7.988,0.0536816816816816,-0.1295437446804175,7.140465169774516e-24,-0.4226526459408268,1.2029128066593625e-258,0.7489070892333984,176,0.6789405345916748,0.3210594952106476,bird,13,11,7,,What is thе predmo innat concept in thi s questioz?,0,"(2, 1)",0.10623934639588457
63,seed_0063_1780475753,boa constrictor,2,2,bird,reptile,,0,222,True,0.6006666666666667,0,0.9868112206459044,0.0003399848937988,1.1293764114379885,3.36,3.0,6.34,7.0,0.0151351351351351,3.736,5.907,0.0168288288288288,-0.0010567397269308,0.934775795887455,-0.1743864162937781,3.51631131460733e-42,0.0003399848937988,182,0.5000849962234497,0.4999150037765503,bird,3,6,4,,What іs the main topic in thiѕ section?,0,"(2, 2)",0.6466222224190407
64,seed_0064_1780276325,boa constrictor,2,2,bird,reptile,,1,276,True,0.3438333333333333,0,0.9736579060554504,1.6689300537109375e-05,0.7749462127685547,5.4,5.0,8.94,9.0,0.0195652173913043,5.2043333333333335,9.541666666666666,0.0188562801932367,-0.1358350791058654,4.168281088354532e-26,0.1316414579297556,1.3209836542031696e-24,1.6689300537109375e-05,78,0.5000041723251343,0.4999958276748657,bird,5,9,3,,What is thе pripmary story in this image?,0,"(2, 2)",1.1333486333205502
65,seed_0065_1780489548,boa constrictor,2,2,bird,reptile,,2,222,True,0.7006666666666667,0,0.9904085397720336,0.0003440380096435,1.3092588186264038,6.26,6.5,10.0,10.0,0.0281981981981981,6.074666666666666,8.498666666666667,0.0273633633633633,0.1284973987715784,1.6398194925668562e-23,-0.1714186678861822,8.537091760416532e-41,0.0003440380096435,149,0.4999139904975891,0.5000860095024109,reptile,6,9,3,,What is the favogrite subject іn this book?,0,"(2, 2)",0.7184882084935184
66,seed_0066_1780283706,cello,0,0,sparrow,cello,,0,222,False,0.0,-1,0.4422444403171539,0.232058048248291,2.3129695653915405,4.18,4.0,8.12,8.0,0.0188288288288288,4.482666666666667,7.174666666666667,0.0201921921921921,0.1587871582752485,3.5411293438207057e-35,-0.628904409046478,0.0,0.232058048248291,182,0.5577555894851685,0.4422444403171539,sparrow,4,8,6,,Whаt is thе f ocal resolution in this arеm?,0,"(0, 0)",0.148581964292346
67,seed_0067_1780491913,cello,0,0,sparrow,cello,,1,276,True,0.0618333333333333,2,0.9176596999168396,0.00026535987854,2.325328469276428,40.94,35.5,6.26,6.0,0.1483333333333333,30.956333333333333,7.338,0.1121606280193236,-0.2012576822334593,7.145655891270833e-56,-0.2000430714993077,3.297058423297241e-55,0.00026535987854,161,0.499933660030365,0.500066339969635,cello,47,7,7,,What іs the human object in thi s topi c?,0,"(0, 0)",0.6830495636762628
68,seed_0068_1780292716,cello,0,0,sparrow,cello,,2,222,True,0.0113333333333333,24,0.7810047268867493,0.003239631652832,2.62329638004303,19.48,18.0,8.42,8.0,0.0877477477477477,11.317833333333333,8.491666666666667,0.0509812312312312,-0.3187283771914037,9.601481438308676e-142,-0.3518720279740415,2.053376542557263e-174,0.003239631652832,67,0.500809907913208,0.499190092086792,sparrow,17,9,3,,What is the fycoal element in this arеm?,0,"(0, 0)",0.6327880260943414
69,seed_0069_1780504147,cello,0,1,sparrow,string instrument,,0,222,True,0.057,13,0.7585484981536865,0.0001652240753173,2.26208233833313,12.62,13.0,6.0,6.0,0.0568468468468468,12.7055,5.5845,0.0572319819819819,-0.2423991425423559,5.732390131641405e-81,-0.517668113025648,0.0,0.0001652240753173,65,0.4999586939811706,0.5000413060188293,string instrument,14,6,3,,What is the cruernt topic in this list?,0,"(0, 1)",0.8294568540484583
70,seed_0070_1780301888,cello,0,1,sparrow,string instrument,,1,276,True,0.0043333333333333,55,0.5399866700172424,0.0019896030426025,1.0057210326194763,17.08,17.0,9.76,10.0,0.0618840579710144,11.869166666666668,8.1585,0.0430042270531401,0.0385942849840544,0.002789852108681,-0.2562160482710338,1.4662212620919183e-90,0.0019896030426025,114,0.5004974007606506,0.4995025992393493,sparrow,19,10,7,,W hat is the principal redsno in thi s section?,0,"(0, 1)",0.6239877168153436
71,seed_0071_1780512858,cello,0,1,sparrow,string instrument,,2,222,True,0.0395,27,0.7690579891204834,5.340576171875e-05,2.2620809078216553,6.38,6.0,7.64,8.0,0.0287387387387387,8.925666666666666,6.944,0.0402057057057057,0.0138970042868923,0.281799811280329,-0.5112131661818952,0.0,5.340576171875e-05,185,0.5000133514404297,0.4999866485595703,sparrow,9,6,4,,What is the cruernt subject in thi s list?,0,"(0, 1)",0.6064185328111453
72,seed_0072_1780310846,cello,0,2,sparrow,musical instrument,,0,222,True,0.0985,0,0.753943920135498,0.0003337860107421,0.8784785270690918,32.6,32.0,7.88,6.5,0.1468468468468468,23.145666666666667,9.0275,0.1042597597597597,-0.3413962175693585,1.193509077942212e-163,-0.0011845606259692,0.9269073284154864,0.0003337860107421,113,0.4999165534973144,0.5000834465026855,musical instrument,28,6,3,,What is thе top subject in this sentepce?,0,"(0, 2)",0.6713329622583993
73,seed_0073_1780521725,cello,0,2,sparrow,musical instrument,,1,276,True,0.0821666666666666,7,0.6400704383850098,0.0001144409179687,0.9390127062797546,6.36,6.0,5.18,4.5,0.0230434782608695,6.420833333333333,6.212,0.0232638888888888,0.0854108588093542,3.4343806030625833e-11,-0.2613141862413852,2.982685773645103e-94,0.0001144409179687,76,0.4999713897705078,0.5000286102294922,musical instrument,5,8,6,,What is the prominent poin t in thi s book?,0,"(0, 2)",0.7381279844674663
74,seed_0074_1780320163,cello,0,2,sparrow,musical instrument,,2,222,True,0.0411666666666666,0,0.7576335668563843,0.0024747848510742,1.02441668510437,11.92,7.5,10.46,11.0,0.0536936936936936,13.836,9.606833333333332,0.0623243243243243,-0.0454111026836873,0.0004338121149703,-0.2809891337690205,2.765710824109079e-109,0.0024747848510742,194,0.5006186962127686,0.4993813037872314,sparrow,4,11,8,,W hat is thе red point in thi s paper?,0,"(0, 2)",0.6235422737943944
75,seed_0075_1780529902,cello,1,0,songbird,cello,,0,222,False,0.0,-1,0.4230294525623321,0.3103493452072143,2.1894519329071045,77.48,79.0,11.06,12.0,0.349009009009009,28.262833333333333,9.169166666666667,0.12731006006006,-0.146670469873157,3.3036826725399186e-30,-0.1675956736368961,4.775042466975478e-39,0.3103493452072143,19,0.5769705176353455,0.4230294525623321,songbird,88,13,7,,Wh at is the facovrite informati no in thiѕ сourse?,0,"(1, 0)",0.11962637396144611
76,seed_0076_1780329372,cello,1,0,songbird,cello,,1,276,False,0.0,-1,0.4103617966175079,0.3624699115753174,2.0213531255722046,7.62,7.0,10.12,10.5,0.0276086956521739,9.368666666666666,8.5355,0.0339444444444444,0.0762172207849495,3.3976933568986192e-09,-0.487313614239547,0.0,0.3624699115753174,64,0.5896381735801697,0.4103617966175079,songbird,4,11,9,,W hat is the ilpo rmant joke in thi s сha pter?,0,"(1, 0)",0.10891011284115998
77,seed_0077_1780538446,cello,1,0,songbird,cello,,2,222,True,0.0008333333333333,144,0.5088516473770142,0.0009393692016601,2.2687087059020996,10.2,11.0,6.68,6.0,0.0459459459459459,18.167333333333332,7.027,0.0818348348348348,-0.1636561447992213,2.7339978209895565e-37,-0.2283364668585651,8.170702597388269e-72,0.0009393692016601,151,0.4997651576995849,0.500234842300415,cello,12,7,3,,What is the cruernt noun in this disucssion?,0,"(1, 0)",0.3625943650129945
78,seed_0078_1780338231,cello,1,1,songbird,string instrument,,0,222,False,0.0,-1,0.3265737295150757,0.7237226963043213,3.0007983446121216,51.26,53.0,11.76,12.0,0.2309009009009009,19.114166666666662,9.4415,0.0860998498498498,-0.2279039321045861,1.5283129711366098e-71,-0.6568602587614022,0.0,0.7237226963043213,152,0.6734262108802795,0.3265737295150757,songbird,54,11,6,,Whаt is thе fvaorite іnterest in this art іcle?,0,"(1, 1)",0.09228427306361743
79,seed_0079_1780547416,cello,1,1,songbird,string instrument,,1,276,False,0.0,-1,0.4228737354278564,0.3109874725341797,2.7189512252807617,18.54,19.0,8.08,8.0,0.0671739130434782,23.183,8.119666666666667,0.0839963768115942,-0.1022666941367232,2.010117544546248e-15,-0.5019357267578403,0.0,0.3109874725341797,148,0.5771262645721436,0.4228737354278564,songbird,19,8,6,,What іs the cruernt noun in thi s sentence?,0,"(1, 1)",0.11842487905055378
80,seed_0080_1780347687,cello,1,1,songbird,string instrument,,2,222,False,0.0,-1,0.4193115532398224,0.3256001472473144,2.8972370624542236,21.44,20.0,8.5,8.0,0.0965765765765765,16.693666666666665,7.964666666666667,0.0751966966966967,-0.3323150871120546,1.194360730742618e-154,-0.4104324213423809,1.3710733250451794e-242,0.3256001472473144,118,0.5806884765625,0.4193115532398224,songbird,23,8,6,,W hat is the yellow topic in this toyi c?,0,"(1, 1)",0.1833377692484667
81,seed_0081_1780556029,cello,1,2,songbird,musical instrument,,0,222,True,0.0473333333333333,4,0.5762952566146851,0.000246524810791,1.4461825489997864,11.38,12.0,9.64,9.0,0.0512612612612612,12.862833333333333,9.284166666666666,0.0579406906906906,-0.1591177924934488,2.5574115965585046e-35,-0.3126989414792636,3.149620919225231e-136,0.000246524810791,38,0.4999383687973022,0.5000616312026978,musical instrument,13,9,6,,What is the cruernt toрic in thi s topi c?,0,"(1, 2)",0.7777351436573363
82,seed_0082_1780357043,cello,1,2,songbird,musical instrument,,1,276,True,0.0728333333333333,6,0.6518896818161011,0.0031783580780029,1.447110891342163,6.32,6.0,6.82,7.0,0.0228985507246376,6.493333333333333,6.824166666666667,0.0235265700483091,0.2094501063184805,1.825922314918125e-60,-0.4613664564250396,0.0,0.0031783580780029,33,0.4992054104804992,0.5007945895195007,musical instrument,7,6,4,,What iѕ the mаiv object in this list?,0,"(1, 2)",0.6207206381062803
83,seed_0083_1780564484,cello,1,2,songbird,musical instrument,,2,222,True,0.007,13,0.7247686982154846,0.001305341720581,1.888430118560791,15.04,10.0,7.06,7.0,0.0677477477477477,11.2575,6.105666666666667,0.0507094594594594,-0.1163721248321263,1.5242107448458372e-19,-0.4980333786206325,0.0,0.001305341720581,74,0.4996736645698547,0.5003263354301453,musical instrument,31,5,4,What is the main subject in this image?,What is the ccrtect joke in thi s image?,34,"(1, 2)",0.5771940995210783
84,seed_0084_1780365821,cello,2,0,bird,cello,,0,222,True,0.1421666666666666,0,0.9458353519439696,0.0011420249938964,1.6318711042404177,7.72,7.0,5.96,6.0,0.0347747747747747,8.9215,6.060833333333333,0.0401869369369369,-0.1087238355186069,3.0404244386564126e-17,-0.3361548542963261,2.035272267285764e-158,0.0011420249938964,197,0.4997144937515259,0.5002855062484741,cello,7,6,7,,W hat iѕ the human topic in thi s image?,0,"(2, 0)",0.46482322618564237
85,seed_0085_1780573626,cello,2,0,bird,cello,,1,276,True,0.3205,0,0.9460942149162292,5.626678466796875e-05,1.075394630432129,14.04,11.0,10.68,11.0,0.0508695652173913,10.631166666666669,10.513833333333332,0.0385187198067632,0.1137103940962567,1.002761119310872e-18,-0.12482889546276,2.865954299351432e-22,5.626678466796875e-05,114,0.499985933303833,0.500014066696167,cello,12,11,3,,What is the possible reapson in this questihn?,0,"(2, 0)",0.8815028481916706
86,seed_0086_1780374685,cello,2,0,bird,cello,,2,222,True,0.1501666666666666,0,0.9540011882781982,2.288818359375e-05,1.6278742551803589,5.44,5.0,8.7,9.0,0.0245045045045045,7.746833333333333,6.720833333333333,0.0348956456456456,0.0876392709515368,1.0448755718824336e-11,-0.2436358629545059,8.396760896531779e-82,2.288818359375e-05,23,0.4999942779541015,0.5000057220458984,cello,14,9,6,,W hat is thе current mecsage in this chapter?,0,"(2, 0)",0.6672651687875275
87,seed_0087_1780581845,cello,2,1,bird,string instrument,,0,222,True,0.2198333333333333,0,0.9452553391456604,0.0002360343933105,1.2943456172943115,7.48,6.0,9.62,9.0,0.0336936936936936,14.519333333333334,7.448166666666666,0.0654024024024024,-0.0104858535216787,0.4167435400885981,-0.0999202835106963,8.655209294472312e-15,0.0002360343933105,32,0.5000590085983276,0.4999409914016723,bird,52,8,6,,What is the r elаted conflіct in thi s discussion?,0,"(2, 1)",0.8541213760149067
88,seed_0088_1780383677,cello,2,1,bird,string instrument,,1,276,True,0.3598333333333333,0,0.952800154685974,0.0004270076751708,0.7815991640090942,4.9,5.0,8.22,8.0,0.0177536231884058,6.4985,7.537666666666667,0.0235452898550724,0.02675612568359,0.0382225849277916,0.0411420994395455,0.0014348916654245,0.0004270076751708,5,0.5001067519187927,0.4998932480812073,bird,3,10,7,,W hat iѕ the whit e rqsolution in this questioz?,0,"(2, 1)",0.5557856174239593
89,seed_0089_1780870426,cello,2,1,bird,string instrument,,2,222,True,0.1773333333333333,0,0.9227942824363708,7.82012939453125e-05,1.425434112548828,4.74,4.0,8.8,9.0,0.0213513513513513,6.859666666666667,7.651666666666666,0.0308993993993994,-0.0567413224149042,1.0935804470640466e-05,-0.091921352400596,9.762047532464625e-13,7.82012939453125e-05,11,0.5000195503234863,0.4999804496765136,bird,7,13,7,,What iѕ the photogra phim quo te in thiѕ pfssaeg?,0,"(2, 1)",0.7976232391398993
90,seed_0090_1780392223,cello,2,2,bird,musical instrument,,0,222,True,0.3461666666666667,0,0.9808608293533324,0.0001087188720703,1.254291534423828,9.94,8.5,7.7,9.0,0.0447747747747747,8.645833333333334,7.614,0.0389451951951951,0.0717708167661871,2.6160722207762494e-08,-0.1320666539168019,9.351863674117429e-25,0.0001087188720703,109,0.4999728202819824,0.5000271797180176,musical instrument,6,9,6,,W hat is the photographi c conecpt in this story?,0,"(2, 2)",0.9500415329509717
91,seed_0091_1780870426,cello,2,2,bird,musical instrument,,1,276,True,0.3895,0,0.988072395324707,4.9114227294921875e-05,0.7050075531005859,5.26,5.0,6.06,6.0,0.0190579710144927,6.8998333333333335,5.4125,0.0249993961352656,0.1812086077014804,1.8481965273340084e-45,-0.3328116679879994,3.915704236496237e-155,4.9114227294921875e-05,28,0.5000122785568237,0.4999877214431762,bird,6,6,3,,What is the main inter ksr in this video?,0,"(2, 2)",0.949989639883904
92,seed_0092_1780401079,cello,2,2,bird,musical instrument,,2,222,True,0.2331666666666666,0,0.9697660207748412,0.0020794868469238,1.4329989552497864,7.52,6.5,7.64,8.0,0.0338738738738738,9.510333333333334,6.414833333333333,0.0428393393393393,0.0707188142923001,4.1680213332291235e-08,-0.0450755873862264,0.0004783645635034,0.0020794868469238,193,0.499480128288269,0.500519871711731,musical instrument,5,5,3,,What is the photographic іnetrest in this chapter?,0,"(2, 2)",0.5089911827884528
93,seed_0093_1780886771,marimba,0,0,sparrow,marimba,,0,222,True,0.0185,14,0.5468838214874268,0.000664472579956,1.4164326190948486,11.78,12.0,5.7,6.0,0.053063063063063,12.950833333333334,6.296333333333333,0.058337087087087,-0.0883240267506828,7.20539327791714e-12,-0.2527770748991837,4.071539336985523e-88,0.000664472579956,87,0.499833881855011,0.500166118144989,marimba,11,5,5,,What is the photographic resolution in t his area?,0,"(0, 0)",0.8997637691688697
94,seed_0094_1780410003,marimba,0,0,sparrow,marimba,,1,276,True,0.0253333333333333,17,0.5860676765441895,0.0002014636993408,1.044739067554474,8.16,8.0,9.48,9.0,0.0295652173913043,8.7115,9.520166666666666,0.0315634057971014,0.0860752164019517,2.416220887532957e-11,-0.1931588172840589,1.5871091570105975e-51,0.0002014636993408,161,0.4999496340751648,0.5000503659248352,marimba,6,9,3,,What is the whitе resolution in this topieс?,0,"(0, 0)",0.6835905947361463
95,seed_0095_1780886012,marimba,0,0,sparrow,marimba,,2,222,True,0.0203333333333333,7,0.5968638062477112,0.0002851486206054,1.195168137550354,9.7,8.0,5.46,5.0,0.0436936936936936,12.5855,5.521166666666667,0.0566914414414414,0.0426241150196404,0.0009583985046876,-0.3200613635802921,5.565570593873739e-143,0.0002851486206054,186,0.5000712871551514,0.4999287128448486,sparrow,9,5,3,,What is the favorite story in this pjpel?,0,"(0, 0)",0.7152944403610345
96,seed_0096_1780419069,marimba,0,1,sparrow,percussion instrument,,0,222,True,0.042,2,0.6671174168586731,4.696846008300781e-05,0.8740016222000122,9.4,7.0,8.24,8.0,0.0423423423423423,11.354333333333331,7.0615,0.0511456456456456,0.0405717977398391,0.0016704464498755,-0.166902515682055,9.804662045056544e-39,4.696846008300781e-05,81,0.5000117421150208,0.4999882578849792,sparrow,6,8,8,,W hat is thе yellow noun in thi s section?,0,"(0, 1)",1.0928681581979158
97,seed_0097_1780904677,marimba,0,1,sparrow,percussion instrument,,1,276,True,0.086,1,0.6162217259407043,7.152557373046875e-06,0.2601122856140136,11.94,12.0,9.88,10.0,0.0432608695652173,11.725166666666668,9.281,0.0424824879227053,0.2301250980184762,6.048171007633444e-73,-0.2412134265729421,3.5784453233067355e-80,7.152557373046875e-06,182,0.5000017881393433,0.4999982118606567,sparrow,10,8,5,,What is the ctroect poidnt in t his section?,0,"(0, 1)",0.6317405755317103
98,seed_0098_1780900702,marimba,0,1,sparrow,percussion instrument,,2,222,True,0.047,8,0.6609121561050415,0.0004477500915527,1.0512125492095947,7.38,7.0,6.72,7.0,0.0332432432432432,9.476,6.228666666666666,0.0426846846846846,0.1549302847689114,1.4974855787770393e-33,-0.2722155238009972,1.9997591628336562e-102,0.0004477500915527,123,0.5001119375228882,0.4998880624771118,sparrow,7,6,5,,What is the top animat in t his topic?,0,"(0, 1)",0.7015337476465031
99,seed_0099_1780918909,marimba,0,2,sparrow,musical instrument,,0,222,True,0.0043333333333333,10,0.5435858368873596,0.003101110458374,1.2106930017471311,8.2,8.0,8.92,9.0,0.0369369369369369,8.803333333333333,7.017,0.0396546546546546,-0.004423482602091,0.7319206393358992,-0.3434603518316889,9.73762955309932e-166,0.003101110458374,99,0.4992247223854065,0.5007752776145935,musical instrument,8,9,5,,What is the phobographci story in t his corueѕ?,0,"(0, 2)",0.7138479075923719
100,seed_0100_1780916954,marimba,0,2,sparrow,musical instrument,,1,276,True,0.0353333333333333,1,0.675051212310791,0.0009498596191406,0.8203203678131104,5.14,5.0,9.14,9.0,0.0186231884057971,4.7565,8.294,0.0172336956521739,0.0286432810645157,0.0265076906027917,-0.2938058032552275,9.183745073229597e-120,0.0009498596191406,102,0.5002374649047852,0.4997625350952148,sparrow,9,9,5,,What is the phgtographic conflict in t his book?,0,"(0, 2)",0.7004666844315476
101,seed_0101_1780934121,marimba,0,2,sparrow,musical instrument,,2,222,True,0.0106666666666666,19,0.5730544924736023,0.0004057884216308,1.4321171641349792,5.58,5.0,6.4,6.0,0.0251351351351351,5.891166666666667,6.309833333333334,0.0265367867867867,0.0025239127905496,0.8450320490489746,-0.3413284438080284,1.3967734901398506e-163,0.0004057884216308,117,0.4998985528945923,0.5001014471054077,musical instrument,6,6,5,,What is the photographic joke in t his essаy?,0,"(0, 2)",0.7768294189931396
102,seed_0102_1780932203,marimba,1,0,songbird,marimba,,0,222,True,0.0116666666666666,7,0.5578421950340271,0.0016357898712158,1.3598872423171997,8.88,8.0,8.4,9.0,0.04,12.654166666666669,6.498166666666667,0.0570007507507507,0.14124105858828,4.113417957376309e-28,-0.5762158670554923,0.0,0.0016357898712158,68,0.500408947467804,0.499591052532196,songbird,7,8,3,,What is the ctroect concept in this book?,0,"(1, 0)",0.599397445279226
103,seed_0103_1780950585,marimba,1,0,songbird,marimba,,1,276,True,0.0505,12,0.6017603874206543,0.0006225109100341,1.1418631076812744,17.16,13.0,7.9,7.0,0.0621739130434782,13.771666666666668,7.805666666666666,0.049897342995169,-0.0220598555095496,0.0875248951240425,-0.3727868208957966,3.6376579542606975e-197,0.0006225109100341,40,0.5001556277275085,0.4998443722724914,songbird,17,9,4,,What is the photogra phic conflict in this sentence?,0,"(1, 0)",0.5844039282296123
104,seed_0104_1780948053,marimba,1,0,songbird,marimba,,2,222,True,0.0186666666666666,7,0.5418139696121216,0.0014300346374511,1.2184602618217468,7.54,6.0,9.1,9.0,0.0339639639639639,10.0525,7.748166666666667,0.0452815315315315,0.14606652250575,5.7026244696276166e-30,-0.500169752331379,0.0,0.0014300346374511,114,0.5003575086593628,0.4996424913406372,songbird,9,10,4,,What iѕ the phgtographic conflict in this sentvonce?,0,"(1, 0)",0.8229671736544144
105,seed_0105_1780968271,marimba,1,1,songbird,percussion instrument,,0,222,True,0.0176666666666666,12,0.5793958902359009,0.002124547958374,1.2186825275421145,12.62,12.0,5.62,6.0,0.0568468468468468,14.9395,6.546833333333334,0.067295045045045,0.0745812008117021,7.2993759379473924e-09,-0.0931215125126789,4.924490097821534e-13,0.002124547958374,166,0.4994688630104065,0.5005311369895935,percussion instrument,16,4,2,,What is the favoeite subject in this list?,0,"(1, 1)",0.5922052234701626
106,seed_0106_1780964191,marimba,1,1,songbird,percussion instrument,,1,276,True,0.0061666666666666,50,0.5677831768989563,0.0024871826171875,1.802247166633606,13.62,14.0,7.32,8.0,0.0493478260869565,16.573666666666668,6.044833333333333,0.0600495169082125,-0.0440112602378451,0.0006495346598216,-0.3843159604236145,1.8905374888045782e-210,0.0024871826171875,61,0.5006217956542969,0.4993782043457031,songbird,14,8,4,,What is the improtant word in this qeustio n?,0,"(1, 1)",0.6767316492854675
107,seed_0107_1780980530,marimba,1,1,songbird,percussion instrument,,2,222,True,0.0413333333333333,26,0.5525026917457581,0.0008513927459716,1.009781301021576,10.16,10.0,8.3,9.0,0.0457657657657657,12.2505,6.868666666666667,0.0551824324324324,0.1486588432137901,5.387115731788616e-31,-0.4637266260432287,0.0,0.0008513927459716,75,0.5002128481864929,0.4997871518135071,songbird,11,9,5,,What is the favoeite information in t his book?,0,"(1, 1)",0.7022554089939235
108,seed_0108_1780980441,marimba,1,2,songbird,musical instrument,,0,222,True,0.0186666666666666,45,0.5652074813842773,0.0011029243469238,1.4052164554595947,8.06,8.0,7.98,8.0,0.0363063063063063,6.307333333333333,7.420333333333334,0.0284114114114114,-0.1083353100502928,3.9409087886282617e-17,-0.4600615765951976,0.0,0.0011029243469238,81,0.499724268913269,0.500275731086731,musical instrument,10,8,6,,What iѕ the photographic joke in t his sentence?,0,"(1, 2)",0.5813903396815956
109,seed_0109_1780995629,marimba,1,2,songbird,musical instrument,,1,276,True,0.0766666666666666,10,0.5620372295379639,0.0001003742218017,0.4152894020080566,9.64,10.0,10.62,11.0,0.034927536231884,7.666833333333333,10.404833333333332,0.027778381642512,0.0267286950765416,0.0384210496668819,-0.3376078878731815,7.386202306909678e-160,0.0001003742218017,57,0.5000250935554504,0.4999749064445495,songbird,11,10,7,,What iѕ the photogra phim conflict in t his essay?,0,"(1, 2)",0.715154127916377
110,seed_0110_1780996813,marimba,1,2,songbird,musical instrument,,2,222,True,0.0165,23,0.5415223240852356,0.0011119842529296,1.5600963234901428,8.38,8.5,7.24,8.0,0.0377477477477477,9.052666666666669,7.623,0.0407777777777777,-0.0328332879604542,0.0109775910887729,-0.3209457529303849,8.345025134270648e-144,0.0011119842529296,58,0.5002779960632324,0.4997220039367676,songbird,8,6,3,,What is the red joke in this sentence?,0,"(1, 2)",0.7219635650908826
111,seed_0111_1781012945,marimba,2,0,bird,marimba,,0,222,True,0.2286666666666666,0,0.9837798476219176,0.0015263557434082,1.0933841466903689,5.24,5.0,8.78,9.0,0.0236036036036036,8.517333333333333,7.002166666666667,0.0383663663663663,0.1329612514831236,4.505032708052814e-25,-0.0463901022802276,0.000324954823491,0.0015263557434082,40,0.4996184110641479,0.500381588935852,marimba,4,9,5,,What is the correct focus in t his qvestion?,0,"(2, 0)",0.6550276088531616
112,seed_0112_1781012854,marimba,2,0,bird,marimba,,1,276,True,0.1955,0,0.9857322573661804,0.000493049621582,1.830761432647705,5.06,5.0,5.0,5.0,0.0183333333333333,6.566333333333334,5.823333333333333,0.0237910628019323,-0.078827985979778,9.7022478857044e-10,-0.2440148995438369,4.6503113302324106e-82,0.000493049621582,65,0.5001232624053955,0.4998767375946045,bird,6,5,2,,What is the ylezow subject in this video?,0,"(2, 0)",0.7743973993422191
113,seed_0113_1781030692,marimba,2,0,bird,marimba,,2,222,True,0.1973333333333333,0,0.987544059753418,0.0002846717834472,1.8540583848953247,4.3,4.0,4.7,5.0,0.0193693693693693,4.725333333333333,3.7163333333333335,0.0212852852852852,0.0398566499315908,0.002015990278492,-0.3885102422790857,2.0370237615009155e-215,0.0002846717834472,24,0.4999288320541382,0.5000711679458618,marimba,3,5,1,,What is the main information in this image?,0,"(2, 0)",0.6340247280991305
114,seed_0114_1781029272,marimba,2,1,bird,percussion instrument,,0,222,True,0.5913333333333334,0,0.9934865236282348,9.131431579589844e-05,1.099446177482605,4.4,5.0,10.64,11.0,0.0198198198198198,7.208166666666667,8.816,0.0324692192192192,0.0517259867744882,6.109883115936057e-05,0.0368650982217076,0.0042910433460384,9.131431579589844e-05,43,0.499977171421051,0.500022828578949,percussion instrument,7,10,4,,What is the mnaі elmeent in this to pic?,0,"(2, 1)",0.9020645440387799
115,seed_0115_1781047860,marimba,2,1,bird,percussion instrument,,1,276,True,0.3751666666666666,0,0.9840130805969238,4.76837158203125e-05,0.8549001216888428,8.74,9.0,7.08,7.0,0.0316666666666666,8.733833333333333,8.012666666666666,0.0316443236714975,0.0538041991589578,3.048571898172647e-05,-0.1054174477408271,2.6844628061633336e-16,4.76837158203125e-05,110,0.4999880790710449,0.5000119209289551,percussion instrument,8,7,3,,What is the phgtographic object in this discussiwn?,0,"(2, 1)",0.857176830284009
116,seed_0116_1781045281,marimba,2,1,bird,percussion instrument,,2,222,True,0.609,0,0.9913865327835084,0.0004739761352539,1.3419618606567385,8.94,9.0,7.28,7.0,0.0402702702702702,10.144333333333334,7.311833333333333,0.0456951951951951,0.0485041676948644,0.0001709035832721,0.0888658935566496,5.358732880060831e-12,0.0004739761352539,127,0.4998815059661865,0.5001184940338135,percussion instrument,8,6,2,,What is the related subject in this toipc?,0,"(2, 1)",0.7381053871441617
117,seed_0117_1781060711,marimba,2,2,bird,musical instrument,,0,222,True,0.3818333333333333,0,0.975482165813446,6.628036499023438e-05,1.355990648269653,3.94,4.0,9.66,10.0,0.0177477477477477,5.669333333333333,8.099666666666666,0.0255375375375375,0.1036420915767743,8.409601080946385e-16,-0.3067755801527232,6.20752613188344e-131,6.628036499023438e-05,3,0.4999834299087524,0.5000165700912476,musical instrument,11,9,3,,What is the exctа infurmaiton in this module?,0,"(2, 2)",0.6858902112355416
118,seed_0118_1781061980,marimba,2,2,bird,musical instrument,,1,276,True,0.423,0,0.9839788675308228,0.0006029605865478,0.6260026693344116,7.98,7.0,11.02,12.0,0.0289130434782608,13.0705,10.019666666666666,0.047356884057971,0.0667119535821874,2.3138933452449395e-07,-0.2243321050406694,2.560115343034448e-69,0.0006029605865478,94,0.499849259853363,0.500150740146637,musical instrument,13,9,4,,What is the photogra рdic element in this lesson?,0,"(2, 2)",0.6322652848997997
