seed_idx,run_dir,anchor,target,la,lt,anchor_word,target_word,common_ancestor_level,stratum,seed_idx_in_class,cell_id,n_in_cell,probe,min_gen0,min_tgtbal_10,min_tgtbal_20,min_tgtbal_50,dex_eroded_10,dex_eroded_20,dex_eroded_50,dex_eroded_min_50,crossed_50,crossed_floor_1em2,gen_first_cross,n_cross_rows,stuck,pop0_p_class_a_median,runtime_seconds
0,exp101q_margin_predictor_qwen_seed_0_1781185212,junco,ostrich,0,0,sparrow,ratite,2.0,within_bucket,0,"junco->ostrich(0,0)",2,5.231909275054932,3.890711784362793,2.617852210998535,1.7367197275161743,0.4454169273376465,0.3007150792952836,0.47893046691847485,1.0698934867541376,0.9412623427265763,False,False,,0,True,0.9946765005588531,6071.230720996857
1,exp101q_margin_predictor_qwen_seed_1_1781191429,junco,ostrich,0,0,sparrow,ratite,2.0,within_bucket,1,"junco->ostrich(0,0)",2,6.031275749206543,4.726585388183594,3.6850180625915527,2.9476351737976074,2.729616403579712,0.21396956386595514,0.31093545454801214,0.34430756543669305,0.23844588867259667,False,False,,0,True,0.9975993037223816,22269.17081594467
2,exp101q_margin_predictor_qwen_seed_2_1781213809,junco,ostrich,0,1,sparrow,flightless bird,2.0,within_bucket,0,"junco->ostrich(0,1)",1,4.65808367729187,3.816601514816284,3.4570579528808594,3.042807102203369,2.847850799560547,0.12950062592550168,0.18493286461691494,0.2136900532473572,0.1271595856938412,False,False,,0,True,0.9906044006347656,9293.408434867859
6,exp101q_margin_predictor_qwen_seed_6_1781223228,junco,ostrich,1,1,songbird,flightless bird,2.0,within_bucket,0,"junco->ostrich(1,1)",1,4.630526304244995,4.102700710296631,2.8902716636657715,2.8752994537353516,2.628683567047119,0.20469169053518932,0.20694727376834648,0.2458920454047235,0.19333152638432696,False,False,,0,True,0.9903445541858673,9483.079772233963
26,exp101q_margin_predictor_qwen_seed_26_1781232826,junco,boa constrictor,0,0,sparrow,constrictor,,wall_repl,0,"junco->boa constrictor(0,0)",1,5.291863441467285,4.821706295013428,3.981961488723755,3.4593591690063477,3.407832622528076,0.12351157306565384,0.1846129734165694,0.19113037250800982,0.1507224966130206,False,False,,0,True,0.9949928224086761,9751.94929099083
28,exp101q_margin_predictor_qwen_seed_28_1781242712,junco,boa constrictor,0,1,sparrow,snake,,wall_repl,0,"junco->boa constrictor(0,1)",2,0.7726412713527679,0.04370689392089844,0.009459972381591797,0.0005141496658325195,1.0132789611816406e-05,1.912088034192402,3.1768883447980567,4.882248877229716,3.6348209185224376,True,True,0.0,394,False,0.6840768158435822,11337.214663982391
29,exp101q_margin_predictor_qwen_seed_29_1781254128,junco,boa constrictor,0,1,sparrow,snake,,wall_repl,1,"junco->boa constrictor(0,1)",2,2.8089314699172974,0.365156888961792,0.005690157413482666,0.0002932548522949219,0.0002932548522949219,2.6934168628007393,3.9812959369266134,3.9812959369266134,3.095234291517889,True,True,0.0,435,False,0.9422352612018585,9543.277120828629
30,exp101q_margin_predictor_qwen_seed_30_1781270364,junco,boa constrictor,0,2,sparrow,reptile,,wall_repl,0,"junco->boa constrictor(0,2)",1,4.852149486541748,4.1666460037231445,3.3305578231811523,3.1292905807495117,3.008894443511963,0.16341719425806964,0.1904882793948782,0.20752721996955487,0.1413796522589191,False,False,,0,True,0.9922485947608948,4937.933365106583
44,exp101q_margin_predictor_qwen_seed_44_1781275449,junco,cello,0,0,sparrow,cello,,wall_repl,0,"junco->cello(0,0)",1,3.630637526512146,2.103026866912842,0.21791741251945496,0.09153950214385986,0.002264469861984253,1.2216909586443148,1.5983743461369437,3.2050163472396243,2.967878275991099,True,True,9.0,51,False,0.9741841554641724,12333.032274961472
50,exp101q_margin_predictor_qwen_seed_50_1781287911,junco,cello,1,0,songbird,cello,,wall_repl,0,"junco->cello(1,0)",1,2.2651326656341553,1.5292141437530518,0.2503417730331421,0.05061143636703491,0.004258632659912109,0.9565603193350914,1.6508449802254344,2.7258234626879125,2.5551981257470553,True,True,10.0,29,False,0.9059408903121948,7903.110733747482
56,exp101q_margin_predictor_qwen_seed_56_1781298228,junco,cello,2,0,bird,cello,,wall_repl,0,"junco->cello(2,0)",1,3.3130728006362915,2.2200276851654053,1.7532274723052979,1.6480672359466553,1.6220487356185913,0.276392711826321,0.30325605349755663,0.3101670803049327,0.13629449165379898,False,False,,0,True,0.9648234844207764,1439.9916653633118
80,exp101q_margin_predictor_qwen_seed_80_1781299687,ostrich,junco,0,0,ratite,sparrow,2.0,within_bucket,0,"ostrich->junco(0,0)",1,3.268404006958008,1.475903868675232,0.7777888774871826,0.522836446762085,0.002776205539703369,0.6234740058870205,0.7959698797644423,3.070884117772699,2.7256064546441925,True,True,29.0,11,False,0.9631310999393463,1588.7280068397522
82,exp101q_margin_predictor_qwen_seed_82_1781301283,ostrich,junco,0,1,ratite,songbird,2.0,within_bucket,0,"ostrich->junco(0,1)",1,1.8139366507530212,0.6532139778137207,0.6038900017738342,0.4016436040401459,0.05967298150062561,0.4776642765226145,0.6547812604035798,1.482844378376345,1.0392777319500388,False,False,,0,False,0.8598369061946869,1350.4711112976074
86,exp101q_margin_predictor_qwen_seed_86_1781302654,ostrich,junco,1,1,flightless bird,songbird,2.0,within_bucket,0,"ostrich->junco(1,1)",1,1.747537612915039,1.2209246158599854,0.410797119140625,0.15183734893798828,0.09840273857116699,0.628799142710197,1.0610479195836835,1.2494193468869548,1.0936816648018255,True,False,0.0,1500,False,0.1483582928776741,1520.654531955719
88,exp101q_margin_predictor_qwen_seed_88_1781304205,ostrich,green iguana,0,0,ratite,iguana,,cross_breadth,0,"ostrich->green iguana(0,0)",1,3.663241982460022,1.842087745666504,1.5231695175170898,1.1057871580123901,0.9168293476104736,0.3811173679713338,0.5201940657841461,0.6015771011990254,0.3030218068902036,False,False,,0,True,0.9748864769935608,1770.4924359321594
96,exp101q_margin_predictor_qwen_seed_96_1781306034,ostrich,green iguana,1,1,flightless bird,lizard,,cross_breadth,0,"ostrich->green iguana(1,1)",1,1.666602373123169,0.39270925521850586,0.1612071990966797,0.0017352104187011719,0.0001239776611328125,1.0144475635237609,2.982479849251879,4.128488556867297,3.500727697646721,True,True,0.0,1358,False,0.15891428291797638,2056.125850915909
196,exp101q_margin_predictor_qwen_seed_196_1781308116,green iguana,boa constrictor,0,0,iguana,constrictor,2.0,within_bucket,0,"green iguana->boa constrictor(0,0)",1,6.1682024002075195,5.652709484100342,4.640967845916748,4.433454990386963,4.205987453460693,0.12355005649067409,0.14341631224135287,0.16629064314785263,0.12838869301725758,False,False,,0,True,0.9979093372821808,2584.259402036667
198,exp101q_margin_predictor_qwen_seed_198_1781310716,green iguana,boa constrictor,0,1,iguana,snake,2.0,within_bucket,0,"green iguana->boa constrictor(0,1)",1,4.891030788421631,2.485480785369873,1.511818766593933,0.9399453997612,0.7740244269371033,0.5099006646111945,0.7162977699433254,0.8006457301405567,0.5066557435477175,False,False,,0,True,0.9925254881381989,1856.1158940792084
202,exp101q_margin_predictor_qwen_seed_202_1781312594,green iguana,boa constrictor,1,1,lizard,snake,2.0,within_bucket,0,"green iguana->boa constrictor(1,1)",2,2.813985586166382,1.186938762664795,0.6539332270622253,0.14602428674697876,0.0067806243896484375,0.6337884636547176,1.2848967749423026,2.6180521811054303,2.2431586256722595,True,True,14.0,6,False,0.9433793425559998,2255.0468521118164
203,exp101q_margin_predictor_qwen_seed_203_1781314858,green iguana,boa constrictor,1,1,lizard,snake,2.0,within_bucket,1,"green iguana->boa constrictor(1,1)",2,3.0816644430160522,1.2022135257720947,0.25609397888183594,0.058844149112701416,0.0050334632396698,1.0803859796659805,1.719082060074048,2.7869184461752217,2.3781147085626864,True,True,12.0,60,False,0.9561293721199036,2035.5744988918304
204,exp101q_margin_predictor_qwen_seed_204_1781316922,green iguana,cello,0,0,iguana,cello,,cross_breadth,0,"green iguana->cello(0,0)",2,3.8137787580490112,2.1334409713745117,0.9522884488105774,0.6692221164703369,0.002006709575653076,0.602586979087168,0.7557852103857184,3.2788709724373426,3.026596108132117,True,True,42.0,3,False,0.9784084260463715,2146.035655975342
205,exp101q_margin_predictor_qwen_seed_205_1781319082,green iguana,cello,0,0,iguana,cello,,cross_breadth,1,"green iguana->cello(0,0)",2,4.966334342956543,2.4973814487457275,0.4339500665664673,0.07756710052490234,0.0028496980667114258,1.0585961944000675,1.8063583959976868,3.2412371059627954,2.9426860335711873,True,True,21.0,10,False,0.9930785596370697,2451.0883808135986
212,exp101q_margin_predictor_qwen_seed_212_1781321561,green iguana,cello,1,1,lizard,string instrument,,cross_breadth,0,"green iguana->cello(1,1)",1,2.5095285177230835,0.48236486315727234,0.4781453013420105,0.01685333251953125,0.0028867721557617188,0.7200322428816099,2.172906345688117,2.9391796275949225,2.2229631573492665,True,True,22.0,10,False,0.9248045384883881,2313.257504940033
240,exp101q_margin_predictor_qwen_seed_240_1781323903,boa constrictor,junco,0,0,constrictor,sparrow,,wall_repl,0,"boa constrictor->junco(0,0)",1,1.3629308938980103,0.054511070251464844,0.005875587463378906,0.0010423660278320312,0.0004258155822753906,2.365422540394533,3.1164535872382393,3.505252285963377,2.107263158953834,True,True,0.0,1120,False,0.2039051651954651,2302.436949968338
242,exp101q_margin_predictor_qwen_seed_242_1781326228,boa constrictor,junco,0,1,constrictor,songbird,,wall_repl,0,"boa constrictor->junco(0,1)",2,0.9811669588088989,0.4545421600341797,0.001628875732421875,0.001628875732421875,3.814697265625e-05,2.7798549616662624,2.7798549616662624,4.4102828366912865,4.0761140933843,True,True,0.0,1344,False,0.2726774662733078,2484.144320011139
243,exp101q_margin_predictor_qwen_seed_243_1781328725,boa constrictor,junco,0,1,constrictor,songbird,,wall_repl,1,"boa constrictor->junco(0,1)",2,1.6994744539260864,1.147451400756836,0.10703563690185547,0.0005121231079101562,0.0005121231079101562,1.2007862431419516,3.520940268342442,3.520940268342442,3.3503599280376504,True,True,0.0,1476,False,0.15459590405225754,2378.1989669799805
244,exp101q_margin_predictor_qwen_seed_244_1781331161,boa constrictor,junco,0,2,constrictor,bird,,wall_repl,0,"boa constrictor->junco(0,2)",1,3.250200033187866,1.9418601989746094,0.8523321151733398,0.2058548927307129,0.0019178390502929688,0.5813012377955274,1.198348896697884,3.229097933088319,3.005405803064667,True,True,0.0,1498,False,0.03732164949178696,2304.6619358062744
276,exp101q_margin_predictor_qwen_seed_276_1781333492,boa constrictor,green iguana,0,0,constrictor,iguana,2.0,within_bucket,0,"boa constrictor->green iguana(0,0)",1,2.4433271884918213,1.3730049133300781,1.1965551376342773,1.0931239128112793,0.9245672225952148,0.31004891185881644,0.3493122328081617,0.4220431347621525,0.1717335984399341,False,False,,0,True,0.920042484998703,2590.7634930610657
278,exp101q_margin_predictor_qwen_seed_278_1781336099,boa constrictor,green iguana,0,1,constrictor,lizard,2.0,within_bucket,0,"boa constrictor->green iguana(0,1)",1,1.3232636451721191,0.8032193183898926,0.016376495361328125,0.011331558227539062,0.0003638267517089844,1.9074254144974416,2.0673567462641746,3.560751752013944,3.343939516219494,True,True,5.0,20,False,0.7897241115570068,1942.2961783409119
282,exp101q_margin_predictor_qwen_seed_282_1781338070,boa constrictor,green iguana,1,1,snake,lizard,2.0,within_bucket,0,"boa constrictor->green iguana(1,1)",1,1.5873425006866455,0.3328757882118225,0.009365499019622803,0.004281938076019287,0.0020277798175811768,2.229139721794513,2.5690302621504792,2.8936498483073056,2.215261411584924,True,True,4.0,133,False,0.8302300572395325,2101.3856041431427
302,exp101q_margin_predictor_qwen_seed_302_1781340195,boa constrictor,marimba,0,0,constrictor,marimba,,cross_breadth,0,"boa constrictor->marimba(0,0)",1,1.1229987144470215,0.2659621238708496,8.678436279296875e-05,8.678436279296875e-05,8.678436279296875e-05,4.111937780061587,4.111937780061587,4.111937780061587,3.486378313359809,True,True,2.0,195,False,0.7544748485088348,2465.627520084381
310,exp101q_margin_predictor_qwen_seed_310_1781342687,boa constrictor,marimba,1,1,snake,percussion instrument,,cross_breadth,0,"boa constrictor->marimba(1,1)",1,5.784292459487915,4.902157783508301,4.762597560882568,4.505684852600098,4.151951789855957,0.08440635798307172,0.10848943121024707,0.14399794111082453,0.07213498349384437,False,False,,0,True,0.9969339370727539,2132.590812921524
320,exp101q_margin_predictor_qwen_seed_320_1781344845,cello,junco,0,0,cello,sparrow,,wall_repl,0,"cello->junco(0,0)",1,2.1585867404937744,0.06320923566818237,0.0013944506645202637,0.00020018219947814941,0.00020018219947814941,3.189766351408397,4.032744048301884,4.032744048301884,2.4993550821320376,True,True,0.0,180,False,0.8964243531227112,1881.8865010738373
322,exp101q_margin_predictor_qwen_seed_322_1781346775,cello,junco,0,1,cello,songbird,,wall_repl,0,"cello->junco(0,1)",1,1.6904359459877014,0.3081280589103699,0.017895102500915527,0.002517223358154297,0.0006570219993591309,1.9752645288058202,2.827076966066248,3.4104188076455246,2.6711513365794968,True,True,1.0,97,False,0.8442777395248413,2226.769706964493
324,exp101q_margin_predictor_qwen_seed_324_1781349031,cello,junco,0,2,cello,bird,,wall_repl,0,"cello->junco(0,2)",1,1.147186279296875,0.0021811723709106445,0.0006706118583679199,0.000620424747467041,4.303455352783203e-05,3.233162715308155,3.266944831457643,4.4258166424242145,1.7048726861717056,True,True,0.0,395,False,0.7589434087276459,2443.609288930893
338,exp101q_margin_predictor_qwen_seed_338_1781351510,cello,ostrich,0,0,cello,ratite,,cross_breadth,0,"cello->ostrich(0,0)",1,3.358315110206604,1.2879325151443481,0.4465881586074829,0.3769221305847168,0.3193519115447998,0.8762142400351127,0.949869806160548,1.0218519234421262,0.605623587477669,False,False,,0,True,0.9663729965686798,1666.6834638118744
354,exp101q_margin_predictor_qwen_seed_354_1781353197,cello,ostrich,2,2,musical instrument,bird,,cross_breadth,0,"cello->ostrich(2,2)",1,1.1538532972335815,0.07546234130859375,0.003943443298339844,0.0012674331665039062,0.0010113716125488281,2.4662749948208234,2.9592255277666566,3.0572398358568083,1.8728195160021783,True,True,0.0,979,False,0.2399565950036049,1890.8519833087921
392,exp101q_margin_predictor_qwen_seed_392_1781355110,cello,marimba,0,0,cello,marimba,2.0,within_bucket,0,"cello->marimba(0,0)",2,2.169287085533142,1.038676142692566,0.557569146156311,0.4231419265270233,0.42152565717697144,0.590018297284239,0.7098309717375367,0.7114930166182655,0.39165614229659,False,False,,0,True,0.8974539935588837,1554.794662952423
393,exp101q_margin_predictor_qwen_seed_393_1781356687,cello,marimba,0,0,cello,marimba,2.0,within_bucket,1,"cello->marimba(0,0)",2,2.5166549682617188,0.8830947875976562,0.5980842709541321,0.5096117258071899,0.25709909200668335,0.6240612971105132,0.6935842658894962,0.990723135288427,0.5359067785282015,False,False,,0,True,0.9252943098545074,1608.5716648101807
394,exp101q_margin_predictor_qwen_seed_394_1781358321,cello,marimba,0,1,cello,percussion instrument,2.0,within_bucket,0,"cello->marimba(0,1)",1,6.46205735206604,5.592914581298828,5.336876392364502,5.284808158874512,5.219325542449951,0.08308366394416544,0.0873415813229983,0.09275642241163508,0.030023800807046627,False,False,,0,True,0.9984408020973206,1682.0283560752869
398,exp101q_margin_predictor_qwen_seed_398_1781360041,cello,marimba,1,1,string instrument,percussion instrument,2.0,within_bucket,0,"cello->marimba(1,1)",1,6.230503559112549,5.741221904754639,5.050124168395996,4.926665782928467,4.920312881469727,0.0912210921080874,0.10197004700581627,0.10253042811852907,0.06701161284424242,False,False,,0,True,0.9980353713035583,1842.276155948639
454,exp101q_margin_predictor_qwen_seed_454_1781361912,marimba,boa constrictor,0,0,marimba,constrictor,,cross_breadth,0,"marimba->boa constrictor(0,0)",1,5.1761956214904785,4.692986011505127,3.4915735721588135,3.2511515617370605,2.041590929031372,0.17098948341161888,0.2019734652062879,0.40404195361820566,0.3614805322658924,False,False,,0,True,0.9943817853927612,2941.3740379810333
462,exp101q_margin_predictor_qwen_seed_462_1781364868,marimba,boa constrictor,1,1,percussion instrument,snake,,cross_breadth,0,"marimba->boa constrictor(1,1)",1,2.7254369258880615,0.7617301940917969,0.012609004974365234,0.003699779510498047,0.00021791458129882812,2.334755319652164,2.867260292785874,4.097149844584109,3.5435148797324088,True,True,0.0,1449,False,0.06150779314339161,1864.0739567279816
472,exp101q_margin_predictor_qwen_seed_472_1781366745,marimba,cello,0,0,marimba,cello,2.0,within_bucket,0,"marimba->cello(0,0)",1,2.433267831802368,1.1233363151550293,0.8600110411643982,0.8600110411643982,0.43351227045059204,0.4516858877896758,0.4516858877896758,0.7491885201375457,0.4135084043820028,False,False,,0,True,0.9192825853824615,1700.37540102005
474,exp101q_margin_predictor_qwen_seed_474_1781368464,marimba,cello,0,1,marimba,string instrument,2.0,within_bucket,0,"marimba->cello(0,1)",1,0.9690838158130646,0.4387398660182953,0.006610751152038574,0.006610751152038574,0.0017416179180145264,2.1661105313374245,2.1661105313374245,2.7454084565548054,2.4012542141473463,True,True,2.0,173,False,0.7249368131160736,1931.4081299304962
478,exp101q_margin_predictor_qwen_seed_478_1781370408,marimba,cello,1,1,percussion instrument,string instrument,2.0,within_bucket,0,"marimba->cello(1,1)",1,2.3856765031814575,1.1853296756744385,0.04646921157836914,0.012122631072998047,0.004451751708984375,1.7104462490939099,2.2940146646452457,2.729080619067871,2.425308223352472,True,True,0.0,1486,False,0.0843011811375618,2605.442929983139
