cell_id,anchor,target,la,lt,anchor_word,target_word,common_ancestor_level,stratum,n,probe,min_gen0,min_tgtbal_10,min_tgtbal_20,min_tgtbal_50,dex_eroded_10,dex_eroded_20,dex_eroded_50,dex_eroded_min_50,crossed_50_frac,crossed_50_any,gen_first_cross_mean,n_cross_rows,stuck_frac,stuck_any,pop0_p_class_a_median,runtime_seconds
"boa constrictor->green iguana(0,0)",boa constrictor,green iguana,0,0,constrictor,iguana,2.0,within_bucket,1,6.0165855884552,4.450081825256348,3.370677947998047,3.370677947998047,1.402856469154358,0.25163283934006575,0.25163283934006575,0.6323368598938419,0.5013547573746032,0.0,False,,0.0,1.0,True,0.9975670874118805,3210.9665865898132
"boa constrictor->green iguana(0,1)",boa constrictor,green iguana,0,1,constrictor,lizard,2.0,within_bucket,1,4.243100881576538,3.0974857807159424,1.6181917190551758,1.3706951141357422,1.3358550071716309,0.4186533830495245,0.49074249270171433,0.5019240347717204,0.36524999872659897,0.0,False,,0.0,1.0,True,0.985835611820221,3125.5121552944183
"boa constrictor->green iguana(1,1)",boa constrictor,green iguana,1,1,snake,lizard,2.0,within_bucket,1,1.498214840888977,0.10103368759155273,0.0033655166625976562,0.0009484291076660156,0.0009484291076660156,2.648522349673246,3.198569220572761,3.198569220572761,2.0274613302528777,1.0,True,0.0,369.0,0.0,False,0.8168774545192719,3140.676898241043
"boa constrictor->junco(0,0)",boa constrictor,junco,0,0,constrictor,sparrow,,wall_repl,1,5.46095609664917,3.114429235458374,2.508661985397339,2.213167905807495,2.101504325866699,0.3378265361864705,0.3922543213610524,0.41473839671850166,0.17084817917388564,0.0,False,,0.0,1.0,True,0.9957685470581055,3112.22794175148
"boa constrictor->junco(0,1)",boa constrictor,junco,0,1,constrictor,songbird,,wall_repl,2,3.5278425812721252,2.316190242767334,1.824715793132782,1.7906031012535095,1.611986756324768,0.2743920942206873,0.28242111696508004,0.33616368634196103,0.16191671252206594,0.0,False,,0.0,1.0,True,0.9609901160001755,3177.7255096435547
"boa constrictor->junco(0,2)",boa constrictor,junco,0,2,constrictor,bird,,wall_repl,1,9.406179904937744,7.2713141441345215,5.488755702972412,5.150406360626221,3.985894203186035,0.2339393795569109,0.2615717852288785,0.37288751379028445,0.26108714084268325,0.0,False,,0.0,1.0,True,0.9999143481254578,3148.22301197052
"boa constrictor->marimba(0,0)",boa constrictor,marimba,0,0,constrictor,marimba,,cross_breadth,1,2.4594762325286865,1.5859267711639404,0.8615586757659912,0.678661584854126,0.5585293769836426,0.4555577699835779,0.5591893630902995,0.6437966094037861,0.4532371096116339,0.0,False,,0.0,1.0,True,0.9211105704307556,3120.0819973945618
"boa constrictor->marimba(1,1)",boa constrictor,marimba,1,1,snake,percussion instrument,,cross_breadth,1,1.2975102663040161,0.10573172569274902,0.009675979614257812,0.004661083221435547,2.47955322265625e-05,2.1274158581050884,2.4446239456825505,4.718737368115656,3.629831885879641,1.0,True,0.0,779.0,0.0,False,0.25343234091997147,3143.901967525482
"cello->junco(0,0)",cello,junco,0,0,cello,sparrow,,wall_repl,1,1.5225039720535278,0.45412564277648926,0.13927853107452393,0.13927853107452393,0.13927853107452393,1.0386742565648022,1.0386742565648022,1.0386742565648022,0.5132918478079206,0.0,False,,0.0,1.0,True,0.8208769261837006,3123.4701659679413
"cello->junco(0,1)",cello,junco,0,1,cello,songbird,,wall_repl,1,0.3112848997116089,0.011018991470336914,0.0010912418365478516,0.0010912418365478516,0.0010175704956054688,2.455237045946699,2.455237045946699,2.485593547621566,1.0345773407383292,1.0,True,0.0,205.0,0.0,False,0.5771921277046204,3139.0736713409424
"cello->junco(0,2)",cello,junco,0,2,cello,bird,,wall_repl,1,5.351153373718262,3.6866354942321777,2.3963141441345215,2.307035207748413,1.7384778261184692,0.34890364765324255,0.36539317646111197,0.48827824308750417,0.3264610443479791,0.0,False,,0.0,1.0,True,0.9952773451805115,3166.245041370392
"cello->marimba(0,0)",cello,marimba,0,0,cello,marimba,2.0,within_bucket,2,0.2852625250816345,0.014825105667114258,0.0013954639434814453,0.0008151531219482422,0.00024235248565673828,2.303392753530714,2.6802526344895887,3.093354548532755,1.545965696053231,1.0,True,0.0,731.0,0.0,False,0.4644554406404495,3183.698443889618
"cello->marimba(0,1)",cello,marimba,0,1,cello,percussion instrument,2.0,within_bucket,1,0.2686898708343506,0.05729937553405762,0.0026137828826904297,8.273124694824219e-05,5.7220458984375e-05,2.0119817850540214,3.511581724371708,3.6716999574509757,3.0005985518164118,1.0,True,0.0,732.0,0.0,False,0.45663411915302277,3194.1079659461975
"cello->marimba(1,1)",cello,marimba,1,1,string instrument,percussion instrument,2.0,within_bucket,1,0.3612176179885864,0.09931635856628418,0.0007929801940917969,0.0007929801940917969,0.0007929801940917969,2.658506584113694,2.658506584113694,2.658506584113694,2.097758447493839,1.0,True,0.0,404.0,0.0,False,0.5806735754013062,3192.182009458542
"cello->ostrich(0,0)",cello,ostrich,0,0,cello,ratite,,cross_breadth,1,0.6354987621307373,0.08178997039794922,0.0003426074981689453,0.0003426074981689453,0.0003426074981689453,3.2683178454148214,3.2683178454148214,3.2683178454148214,2.3779031874810737,1.0,True,1.0,80.0,0.0,False,0.6537050604820251,3160.5910844802856
"cello->ostrich(2,2)",cello,ostrich,2,2,musical instrument,bird,,cross_breadth,1,16.0051531791687,11.434743881225586,7.77838134765625,7.167071342468262,6.011334419250488,0.3133706036466991,0.3489181074199901,0.4252889458931255,0.2792555525230301,0.0,False,,0.0,1.0,True,0.9999998807907104,3163.108894109726
"green iguana->boa constrictor(0,0)",green iguana,boa constrictor,0,0,iguana,constrictor,2.0,within_bucket,1,0.649921178817749,0.11415266990661621,0.0017108917236328125,0.0017108917236328125,0.0017108917236328125,2.5796381640141046,2.5796381640141046,2.5796381640141046,1.8242635481915015,1.0,True,2.0,94.0,0.0,False,0.6569926738739014,3182.134073972702
"green iguana->boa constrictor(0,1)",green iguana,boa constrictor,0,1,iguana,snake,2.0,within_bucket,1,6.946902275085449,4.908804893493652,3.4625301361083984,3.1010701656341553,2.2525534629821777,0.3023976275511504,0.3502795967089238,0.4891160820312937,0.33830066338494696,0.0,False,,0.0,1.0,True,0.9990361034870148,3210.069633245468
"green iguana->boa constrictor(1,1)",green iguana,boa constrictor,1,1,lizard,snake,2.0,within_bucket,2,6.666776180267334,4.633470296859741,3.5612257719039917,2.7995643615722656,2.56497859954834,0.2714275617766062,0.37629008787171736,0.41800089359193926,0.25826050449747184,0.0,False,,0.0,1.0,True,0.9986064434051514,3156.8214750289917
"green iguana->cello(0,0)",green iguana,cello,0,0,iguana,cello,,cross_breadth,2,3.4309847950935364,2.4667948484420776,1.7825676798820496,1.561228334903717,1.3139309287071228,0.28438132827196017,0.3486419967298945,0.4474747018235264,0.30360135195133847,0.0,False,,0.0,1.0,True,0.968379333615303,3153.515223264694
"green iguana->cello(1,1)",green iguana,cello,1,1,lizard,string instrument,,cross_breadth,1,1.8964745998382568,1.2479819059371948,0.7309460639953613,0.6501975059509277,0.3563251495361328,0.41406169856601477,0.46490173113445116,0.7261005543487894,0.5443618126370565,0.0,False,,0.0,1.0,True,0.8694915175437927,3115.3728082180023
"junco->boa constrictor(0,0)",junco,boa constrictor,0,0,sparrow,constrictor,,wall_repl,1,1.9882236123085022,1.150118350982666,0.009900927543640137,0.0034351348876953125,0.0005769729614257812,2.302789344913315,2.762521432005472,3.5373097658365174,3.299587071619059,1.0,True,2.0,204.0,0.0,False,0.87955442070961,3167.6995708942413
"junco->boa constrictor(0,1)",junco,boa constrictor,0,1,sparrow,snake,,wall_repl,2,9.340611696243286,4.519944190979004,2.0349671840667725,1.3601537346839905,0.7390867173671722,0.6590023689899926,0.8344879693495928,1.1042724150866152,0.7917620622040127,0.0,False,,0.0,1.0,True,0.9998552054166794,3155.664040207863
"junco->boa constrictor(0,2)",junco,boa constrictor,0,2,sparrow,reptile,,wall_repl,1,1.6489410996437073,0.5080482959747314,0.07610964775085449,0.07610964775085449,0.006652355194091797,1.335765430922186,1.335765430922186,2.394229713104079,1.8829295692811805,1.0,True,9.0,32.0,0.0,False,0.8387045860290527,3142.2769763469696
"junco->cello(0,0)",junco,cello,0,0,sparrow,cello,,wall_repl,1,2.7420679330825806,1.6762728691101074,0.577852725982666,0.49907100200653076,0.49907100200653076,0.6762610435972757,0.7399158735941458,0.7399158735941458,0.5261823795299642,0.0,False,,0.0,1.0,True,0.939151406288147,3166.9595670700073
"junco->cello(1,0)",junco,cello,1,0,songbird,cello,,wall_repl,1,3.3700013160705566,0.7914912700653076,0.655029833316803,0.3441193103790283,0.3261798024177551,0.7113689901011548,0.9909210265783356,1.0141730051559985,0.3849890637557598,0.0,False,,0.0,1.0,True,0.9666680097579956,3156.0784690380096
"junco->cello(2,0)",junco,cello,2,0,bird,cello,,wall_repl,1,2.205866813659668,0.010447502136230469,0.00519561767578125,0.0002455711364746094,0.0002455711364746094,2.6279421013372546,3.953401966864774,3.953401966864774,1.6288351485195143,1.0,True,0.0,312.0,0.0,False,0.8675804138183594,3234.0809166431427
"junco->ostrich(0,0)",junco,ostrich,0,0,sparrow,ratite,2.0,within_bucket,2,1.9949156045913696,1.4256659150123596,0.9123950004577637,0.802718997001648,0.2847820520401001,0.34760082661967684,0.3967888486250365,1.6674697690130655,1.5218277418569182,0.5,True,21.0,32.5,0.5,True,0.880023255944252,3144.865287423134
"junco->ostrich(0,1)",junco,ostrich,0,1,sparrow,flightless bird,2.0,within_bucket,1,0.3545381426811218,0.0028420686721801758,0.0028420686721801758,0.0004336833953857422,5.245208740234375e-05,2.0960283977658887,2.91249017077498,3.829900189016257,1.7338717912503685,1.0,True,0.0,514.0,0.0,False,0.5180826783180237,3210.221535205841
"junco->ostrich(1,1)",junco,ostrich,1,1,songbird,flightless bird,2.0,within_bucket,1,0.3288828730583191,0.019653379917144775,0.0014420747756958008,0.0010533332824707031,0.0007059574127197266,2.3580534773264348,2.4944754507751496,2.6682627549212667,1.4446587467459027,1.0,True,0.0,331.0,0.0,False,0.5796365737915039,3150.9185988903046
"marimba->boa constrictor(0,0)",marimba,boa constrictor,0,0,marimba,constrictor,,cross_breadth,1,1.572641909122467,0.4910163879394531,0.003066420555114746,0.0012662410736083984,0.0012662410736083984,2.7099981274805085,3.0941134481280725,3.0941134481280725,2.588579590368246,1.0,True,0.0,48.0,0.0,False,0.8281579911708832,3178.912260532379
"marimba->boa constrictor(1,1)",marimba,boa constrictor,1,1,percussion instrument,snake,,cross_breadth,1,11.800506591796875,4.392861843109131,3.2479629516601562,2.837155818939209,2.7805285453796387,0.560289585065871,0.6190174635607791,0.6277732938460974,0.19862018680470223,0.0,False,,0.0,1.0,True,0.9999924302101135,3169.01864695549
"marimba->cello(0,0)",marimba,cello,0,0,marimba,cello,2.0,within_bucket,1,1.97549307346344,1.161414623260498,1.0718564987182617,0.8983674645423889,0.49083489179611206,0.2655388658390324,0.3422214962415262,0.6047400836015263,0.37405186221053455,0.0,False,,0.0,1.0,True,0.878192126750946,3184.0440015792847
"marimba->cello(0,1)",marimba,cello,0,1,marimba,string instrument,2.0,within_bucket,1,1.779529333114624,1.041562557220459,0.8518640995025635,0.7178593873977661,0.5631986856460571,0.3199348351917616,0.394265767156426,0.49964351854226363,0.26702372659055196,0.0,False,,0.0,1.0,True,0.8556291460990906,3187.6610095500946
"marimba->cello(1,1)",marimba,cello,1,1,percussion instrument,string instrument,2.0,within_bucket,1,2.1474190950393677,1.6409533023834229,0.8258271217346191,0.8258271217346191,0.7728545665740967,0.4150276687451727,0.4150276687451727,0.4438190331859201,0.3269984448543669,0.0,False,,0.0,1.0,True,0.8954168260097504,3229.540817975998
"ostrich->green iguana(0,0)",ostrich,green iguana,0,0,ratite,iguana,,cross_breadth,1,2.6962504386901855,1.1855881214141846,0.05822396278381348,0.02725815773010254,0.0007593631744384766,1.6656584681264974,1.995263728509095,3.550310696708186,3.193484307331494,1.0,True,6.0,126.0,0.0,False,0.9364925622940063,3184.142977952957
"ostrich->green iguana(1,1)",ostrich,green iguana,1,1,flightless bird,lizard,,cross_breadth,1,2.443018913269043,1.7551019191741943,1.0148895978927612,0.9680123329162598,0.8794098496437073,0.38150802795987904,0.4020459387382644,0.44373550365636055,0.30011101558082787,0.0,False,,0.0,1.0,True,0.9200124144554138,3178.0222070217133
"ostrich->junco(0,0)",ostrich,junco,0,0,ratite,sparrow,2.0,within_bucket,1,1.4885967373847961,0.5720856189727783,0.11257970333099365,0.018342971801757812,0.01395881175994873,1.1213169629199982,1.9093073643663767,2.027928612135837,1.6126125799935584,1.0,True,34.0,1.0,0.0,False,0.8157727420330048,3236.907065629959
"ostrich->junco(0,1)",ostrich,junco,0,1,ratite,songbird,2.0,within_bucket,1,1.5937923192977905,0.7226603031158447,0.4649393558502197,0.2512247562408447,0.1414945125579834,0.5350354199858601,0.802369296061258,1.0516921321973471,0.7081946015113066,0.0,False,,0.0,1.0,True,0.8311440050601959,3210.916973590851
"ostrich->junco(1,1)",ostrich,junco,1,1,flightless bird,songbird,2.0,within_bucket,1,3.0868395566940308,2.2013115882873535,1.5061792135238647,1.4905550479888916,1.4324462413787842,0.3116374072389164,0.31616603725300874,0.3334357247321978,0.18660318763201775,0.0,False,,0.0,1.0,True,0.9563410580158234,3208.0785188674927
