seed_idx,generation,bsf
0,0,1.4494140148162842
0,1,1.2655534744262695
0,2,1.2655534744262695
0,3,1.1760426759719849
0,4,1.1760426759719849
0,5,1.1760426759719849
0,6,1.1228034496307373
0,7,1.1228034496307373
0,8,1.1228034496307373
0,9,0.7369203567504883
0,10,0.7369203567504883
0,11,0.7369203567504883
0,12,0.7369203567504883
0,13,0.7369203567504883
0,14,0.7369203567504883
0,15,0.7369203567504883
0,16,0.7369203567504883
0,17,0.7369203567504883
0,18,0.7369203567504883
0,19,0.7307436466217041
0,20,0.7307436466217041
0,21,0.7307436466217041
0,22,0.7307436466217041
0,23,0.7307436466217041
0,24,0.7307436466217041
0,25,0.7307436466217041
0,26,0.6516175270080566
0,27,0.6516175270080566
0,28,0.6516175270080566
0,29,0.6516175270080566
0,30,0.6516175270080566
0,31,0.6516175270080566
0,32,0.6516175270080566
0,33,0.6516175270080566
0,34,0.6512877941131592
0,35,0.6512877941131592
0,36,0.6512877941131592
0,37,0.6512877941131592
0,38,0.6512877941131592
0,39,0.6512877941131592
0,40,0.6512877941131592
0,41,0.6512877941131592
0,42,0.5663192272186279
0,43,0.5663192272186279
0,44,0.5663192272186279
0,45,0.5663192272186279
0,46,0.5663192272186279
0,47,0.5663192272186279
0,48,0.5663192272186279
0,49,0.5663192272186279
196,0,0.11415266990661621
196,1,0.11415266990661621
196,2,0.11415266990661621
196,3,0.03591811656951904
196,4,0.03591811656951904
196,5,0.03591811656951904
196,6,0.0017108917236328125
196,7,0.0017108917236328125
196,8,0.0017108917236328125
196,9,0.0017108917236328125
196,10,0.0017108917236328125
196,11,0.0017108917236328125
196,12,0.0017108917236328125
196,13,0.0017108917236328125
196,14,0.0017108917236328125
196,15,0.0017108917236328125
196,16,0.0017108917236328125
196,17,0.0017108917236328125
196,18,0.0017108917236328125
196,19,0.0017108917236328125
196,20,0.0017108917236328125
196,21,0.0017108917236328125
196,22,0.0017108917236328125
196,23,0.0017108917236328125
196,24,0.0017108917236328125
196,25,0.0017108917236328125
196,26,0.0017108917236328125
196,27,0.0017108917236328125
196,28,0.0017108917236328125
196,29,0.0017108917236328125
196,30,0.0017108917236328125
196,31,0.0017108917236328125
196,32,0.0017108917236328125
196,33,0.0017108917236328125
196,34,0.0017108917236328125
196,35,0.0017108917236328125
196,36,0.0017108917236328125
196,37,0.0017108917236328125
196,38,0.0017108917236328125
196,39,0.0017108917236328125
196,40,0.0017108917236328125
196,41,0.0017108917236328125
196,42,0.0017108917236328125
196,43,0.0017108917236328125
196,44,0.0017108917236328125
196,45,0.0017108917236328125
196,46,0.0017108917236328125
196,47,0.0017108917236328125
196,48,0.0017108917236328125
196,49,0.0017108917236328125
198,0,4.908804893493652
198,1,4.809858798980713
198,2,4.809858798980713
198,3,4.252532958984375
198,4,3.965538501739502
198,5,3.965538501739502
198,6,3.4625301361083984
198,7,3.4625301361083984
198,8,3.4625301361083984
198,9,3.4625301361083984
198,10,3.1010701656341553
198,11,3.1010701656341553
198,12,3.1010701656341553
198,13,3.1010701656341553
198,14,3.1010701656341553
198,15,3.1010701656341553
198,16,3.1010701656341553
198,17,3.1010701656341553
198,18,3.1010701656341553
198,19,3.1010701656341553
198,20,3.1010701656341553
198,21,3.1010701656341553
198,22,3.1010701656341553
198,23,3.1010701656341553
198,24,3.015596389770508
198,25,3.015596389770508
198,26,3.015596389770508
198,27,3.015596389770508
198,28,3.015596389770508
198,29,3.015596389770508
198,30,2.3962087631225586
198,31,2.2936673164367676
198,32,2.2936673164367676
198,33,2.2936673164367676
198,34,2.2936673164367676
198,35,2.2936673164367676
198,36,2.2936673164367676
198,37,2.2936673164367676
198,38,2.2936673164367676
198,39,2.2936673164367676
198,40,2.2936673164367676
198,41,2.2936673164367676
198,42,2.2936673164367676
198,43,2.2936673164367676
198,44,2.2936673164367676
198,45,2.2525534629821777
198,46,2.2525534629821777
198,47,2.2525534629821777
198,48,2.2525534629821777
198,49,2.2525534629821777
1,0,1.401917815208435
1,1,1.401917815208435
1,2,1.278921365737915
1,3,1.278921365737915
1,4,1.1937305927276611
1,5,1.1937305927276611
1,6,1.087869644165039
1,7,1.087869644165039
1,8,1.087869644165039
1,9,1.087869644165039
1,10,1.087869644165039
1,11,1.087869644165039
1,12,1.087869644165039
1,13,1.087869644165039
1,14,0.8997955322265625
1,15,0.8997955322265625
1,16,0.8746943473815918
1,17,0.8746943473815918
1,18,0.8746943473815918
1,19,0.8746943473815918
1,20,0.8746943473815918
1,21,0.13379144668579102
1,22,0.13379144668579102
1,23,0.13379144668579102
1,24,0.0443882942199707
1,25,0.0443882942199707
1,26,0.0443882942199707
1,27,0.0443882942199707
1,28,0.0443882942199707
1,29,0.0443882942199707
1,30,0.0443882942199707
1,31,0.0443882942199707
1,32,0.0443882942199707
1,33,0.015521526336669922
1,34,0.015521526336669922
1,35,0.015521526336669922
1,36,0.013613224029541016
1,37,0.013613224029541016
1,38,0.005059719085693359
1,39,0.005059719085693359
1,40,0.005059719085693359
1,41,0.005059719085693359
1,42,0.005059719085693359
1,43,0.0032448768615722656
1,44,0.0032448768615722656
1,45,0.0032448768615722656
1,46,0.0032448768615722656
1,47,0.0032448768615722656
1,48,0.0032448768615722656
1,49,0.0032448768615722656
202,0,5.142113208770752
202,1,5.142113208770752
202,2,5.142113208770752
202,3,5.088057518005371
202,4,4.598877906799316
202,5,4.291437149047852
202,6,3.8538808822631836
202,7,3.5336992740631104
202,8,3.5336992740631104
202,9,3.5336992740631104
202,10,3.5021567344665527
202,11,3.5021567344665527
202,12,3.5021567344665527
202,13,3.5021567344665527
202,14,2.9145216941833496
202,15,2.9145216941833496
202,16,2.9145216941833496
202,17,2.9145216941833496
202,18,2.9145216941833496
202,19,2.9145216941833496
202,20,2.9145216941833496
202,21,2.9145216941833496
202,22,2.9145216941833496
202,23,2.9145216941833496
202,24,2.9145216941833496
202,25,2.9145216941833496
202,26,2.9145216941833496
202,27,2.9145216941833496
202,28,2.9145216941833496
202,29,2.9145216941833496
202,30,2.9145216941833496
202,31,2.9145216941833496
202,32,2.9145216941833496
202,33,2.9145216941833496
202,34,2.9145216941833496
202,35,2.9145216941833496
202,36,2.9145216941833496
202,37,2.9145216941833496
202,38,2.9145216941833496
202,39,2.9145216941833496
202,40,2.9145216941833496
202,41,2.9145216941833496
202,42,2.9145216941833496
202,43,2.9145216941833496
202,44,2.9145216941833496
202,45,2.9145216941833496
202,46,2.9145216941833496
202,47,2.9145216941833496
202,48,2.9145216941833496
202,49,2.9145216941833496
203,0,4.1248273849487305
203,1,4.1248273849487305
203,2,3.588752269744873
203,3,3.588752269744873
203,4,3.588752269744873
203,5,3.588752269744873
203,6,3.588752269744873
203,7,3.588752269744873
203,8,3.588752269744873
203,9,3.588752269744873
203,10,3.588752269744873
203,11,3.3147342205047607
203,12,2.837193012237549
203,13,2.837193012237549
203,14,2.837193012237549
203,15,2.837193012237549
203,16,2.837193012237549
203,17,2.837193012237549
203,18,2.788698196411133
203,19,2.6846070289611816
203,20,2.6846070289611816
203,21,2.6846070289611816
203,22,2.6846070289611816
203,23,2.6846070289611816
203,24,2.5026793479919434
203,25,2.5026793479919434
203,26,2.5026793479919434
203,27,2.5026793479919434
203,28,2.5026793479919434
203,29,2.5026793479919434
203,30,2.5026793479919434
203,31,2.5026793479919434
203,32,2.5026793479919434
203,33,2.5026793479919434
203,34,2.5026793479919434
203,35,2.5026793479919434
203,36,2.5026793479919434
203,37,2.21543550491333
203,38,2.21543550491333
203,39,2.21543550491333
203,40,2.21543550491333
203,41,2.21543550491333
203,42,2.21543550491333
203,43,2.21543550491333
203,44,2.21543550491333
203,45,2.21543550491333
203,46,2.21543550491333
203,47,2.21543550491333
203,48,2.21543550491333
203,49,2.21543550491333
204,0,2.6146652698516846
204,1,2.478935718536377
204,2,1.8131684064865112
204,3,1.8131684064865112
204,4,1.8131684064865112
204,5,1.7636646032333374
204,6,1.7636646032333374
204,7,1.7636646032333374
204,8,1.7636646032333374
204,9,1.7281235456466675
204,10,1.4923580884933472
204,11,1.428362488746643
204,12,1.428362488746643
204,13,1.428362488746643
204,14,1.3062469959259033
204,15,1.2854448556900024
204,16,1.2854448556900024
204,17,1.2854448556900024
204,18,1.2854448556900024
204,19,1.2854448556900024
204,20,1.057869553565979
204,21,1.057869553565979
204,22,1.057869553565979
204,23,1.057869553565979
204,24,1.057869553565979
204,25,1.057869553565979
204,26,1.057869553565979
204,27,1.057869553565979
204,28,1.057869553565979
204,29,1.057869553565979
204,30,1.057869553565979
204,31,1.057869553565979
204,32,1.057869553565979
204,33,1.057869553565979
204,34,1.057869553565979
204,35,1.057869553565979
204,36,1.057869553565979
204,37,1.057869553565979
204,38,1.057869553565979
204,39,1.057869553565979
204,40,1.057869553565979
204,41,1.057869553565979
204,42,1.057869553565979
204,43,1.057869553565979
204,44,1.057869553565979
204,45,1.057869553565979
204,46,1.057869553565979
204,47,1.057869553565979
204,48,1.057869553565979
204,49,0.8359609842300415
205,0,2.3189244270324707
205,1,2.3189244270324707
205,2,2.3189244270324707
205,3,2.2040810585021973
205,4,1.9232885837554932
205,5,1.8370118141174316
205,6,1.8370118141174316
205,7,1.8370118141174316
205,8,1.8370118141174316
205,9,1.8370118141174316
205,10,1.8370118141174316
205,11,1.8370118141174316
205,12,1.8370118141174316
205,13,1.8370118141174316
205,14,1.8370118141174316
205,15,1.8370118141174316
205,16,1.8370118141174316
205,17,1.8370118141174316
205,18,1.8370118141174316
205,19,1.8370118141174316
205,20,1.8370118141174316
205,21,1.8370118141174316
205,22,1.8370118141174316
205,23,1.8370118141174316
205,24,1.8370118141174316
205,25,1.8370118141174316
205,26,1.8370118141174316
205,27,1.8370118141174316
205,28,1.8370118141174316
205,29,1.8370118141174316
205,30,1.8370118141174316
205,31,1.8370118141174316
205,32,1.8370118141174316
205,33,1.8370118141174316
205,34,1.8370118141174316
205,35,1.8370118141174316
205,36,1.8370118141174316
205,37,1.8370118141174316
205,38,1.8370118141174316
205,39,1.8370118141174316
205,40,1.8370118141174316
205,41,1.8370118141174316
205,42,1.8370118141174316
205,43,1.8370118141174316
205,44,1.8370118141174316
205,45,1.8370118141174316
205,46,1.8370118141174316
205,47,1.8370118141174316
205,48,1.8370118141174316
205,49,1.791900873184204
212,0,1.2479819059371948
212,1,0.9447963237762451
212,2,0.9447963237762451
212,3,0.9057080745697021
212,4,0.7309460639953613
212,5,0.7309460639953613
212,6,0.7309460639953613
212,7,0.7309460639953613
212,8,0.7309460639953613
212,9,0.7309460639953613
212,10,0.7228031158447266
212,11,0.7228031158447266
212,12,0.6521148681640625
212,13,0.6521148681640625
212,14,0.6501975059509277
212,15,0.6501975059509277
212,16,0.6501975059509277
212,17,0.6501975059509277
212,18,0.6501975059509277
212,19,0.6501975059509277
212,20,0.6233980655670166
212,21,0.6233980655670166
212,22,0.6233980655670166
212,23,0.6233980655670166
212,24,0.6233980655670166
212,25,0.6233980655670166
212,26,0.6233980655670166
212,27,0.6233980655670166
212,28,0.6233980655670166
212,29,0.6233980655670166
212,30,0.6233980655670166
212,31,0.6233980655670166
212,32,0.6233980655670166
212,33,0.6233980655670166
212,34,0.6233980655670166
212,35,0.6233980655670166
212,36,0.6233980655670166
212,37,0.6233980655670166
212,38,0.5199236869812012
212,39,0.5199236869812012
212,40,0.5199236869812012
212,41,0.5199236869812012
212,42,0.5199236869812012
212,43,0.5199236869812012
212,44,0.5199236869812012
212,45,0.5199236869812012
212,46,0.5199236869812012
212,47,0.3563251495361328
212,48,0.3563251495361328
212,49,0.3563251495361328
240,0,3.114429235458374
240,1,3.114429235458374
240,2,3.114429235458374
240,3,2.9061625003814697
240,4,2.7576520442962646
240,5,2.508661985397339
240,6,2.508661985397339
240,7,2.508661985397339
240,8,2.508661985397339
240,9,2.508661985397339
240,10,2.508661985397339
240,11,2.508661985397339
240,12,2.508661985397339
240,13,2.508661985397339
240,14,2.467355728149414
240,15,2.213167905807495
240,16,2.213167905807495
240,17,2.213167905807495
240,18,2.213167905807495
240,19,2.213167905807495
240,20,2.213167905807495
240,21,2.213167905807495
240,22,2.213167905807495
240,23,2.213167905807495
240,24,2.213167905807495
240,25,2.213167905807495
240,26,2.213167905807495
240,27,2.213167905807495
240,28,2.213167905807495
240,29,2.213167905807495
240,30,2.213167905807495
240,31,2.213167905807495
240,32,2.213167905807495
240,33,2.213167905807495
240,34,2.213167905807495
240,35,2.213167905807495
240,36,2.213167905807495
240,37,2.213167905807495
240,38,2.213167905807495
240,39,2.213167905807495
240,40,2.213167905807495
240,41,2.213167905807495
240,42,2.213167905807495
240,43,2.213167905807495
240,44,2.213167905807495
240,45,2.213167905807495
240,46,2.213167905807495
240,47,2.101504325866699
240,48,2.101504325866699
240,49,2.101504325866699
242,0,2.6781327724456787
242,1,2.6781327724456787
242,2,2.6781327724456787
242,3,2.037137508392334
242,4,2.037137508392334
242,5,1.9965600967407227
242,6,1.9965600967407227
242,7,1.9965600967407227
242,8,1.9965600967407227
242,9,1.9965600967407227
242,10,1.9965600967407227
242,11,1.9965600967407227
242,12,1.9965600967407227
242,13,1.9965600967407227
242,14,1.9965600967407227
242,15,1.9965600967407227
242,16,1.9909319877624512
242,17,1.9909319877624512
242,18,1.9909319877624512
242,19,1.9518283605575562
242,20,1.9518283605575562
242,21,1.9518283605575562
242,22,1.9518283605575562
242,23,1.9518283605575562
242,24,1.9518283605575562
242,25,1.9518283605575562
242,26,1.9518283605575562
242,27,1.9518283605575562
242,28,1.9518283605575562
242,29,1.9518283605575562
242,30,1.9518283605575562
242,31,1.9518283605575562
242,32,1.9518283605575562
242,33,1.9518283605575562
242,34,1.9518283605575562
242,35,1.9518283605575562
242,36,1.9518283605575562
242,37,1.9518283605575562
242,38,1.9518283605575562
242,39,1.9518283605575562
242,40,1.9518283605575562
242,41,1.9518283605575562
242,42,1.9518283605575562
242,43,1.9518283605575562
242,44,1.9518283605575562
242,45,1.9518283605575562
242,46,1.9518283605575562
242,47,1.9518283605575562
242,48,1.9518283605575562
242,49,1.9518283605575562
243,0,1.9542477130889893
243,1,1.9542477130889893
243,2,1.9449145793914795
243,3,1.8284794092178345
243,4,1.6796067953109741
243,5,1.6796067953109741
243,6,1.6796067953109741
243,7,1.6796067953109741
243,8,1.6796067953109741
243,9,1.6528714895248413
243,10,1.6528714895248413
243,11,1.6528714895248413
243,12,1.6528714895248413
243,13,1.629377841949463
243,14,1.629377841949463
243,15,1.629377841949463
243,16,1.629377841949463
243,17,1.629377841949463
243,18,1.629377841949463
243,19,1.629377841949463
243,20,1.629377841949463
243,21,1.629377841949463
243,22,1.532999038696289
243,23,1.532999038696289
243,24,1.532999038696289
243,25,1.532999038696289
243,26,1.532999038696289
243,27,1.532999038696289
243,28,1.532999038696289
243,29,1.532999038696289
243,30,1.532999038696289
243,31,1.532999038696289
243,32,1.532999038696289
243,33,1.532999038696289
243,34,1.532999038696289
243,35,1.532999038696289
243,36,1.4441614151000977
243,37,1.4399590492248535
243,38,1.4399590492248535
243,39,1.4399590492248535
243,40,1.4399590492248535
243,41,1.3892831802368164
243,42,1.3892831802368164
243,43,1.3892831802368164
243,44,1.3892831802368164
243,45,1.27214515209198
243,46,1.27214515209198
243,47,1.27214515209198
243,48,1.27214515209198
243,49,1.27214515209198
244,0,7.2713141441345215
244,1,5.747233867645264
244,2,5.747233867645264
244,3,5.602720260620117
244,4,5.49193811416626
244,5,5.49193811416626
244,6,5.488755702972412
244,7,5.488755702972412
244,8,5.488755702972412
244,9,5.488755702972412
244,10,5.488755702972412
244,11,5.488755702972412
244,12,5.488755702972412
244,13,5.488755702972412
244,14,5.271913051605225
244,15,5.1622209548950195
244,16,5.1622209548950195
244,17,5.1622209548950195
244,18,5.150406360626221
244,19,5.150406360626221
244,20,5.043195724487305
244,21,5.043195724487305
244,22,4.9865899085998535
244,23,4.963865756988525
244,24,4.963865756988525
244,25,4.4182586669921875
244,26,3.985894203186035
244,27,3.985894203186035
244,28,3.985894203186035
244,29,3.985894203186035
244,30,3.985894203186035
244,31,3.985894203186035
244,32,3.985894203186035
244,33,3.985894203186035
244,34,3.985894203186035
244,35,3.985894203186035
244,36,3.985894203186035
244,37,3.985894203186035
244,38,3.985894203186035
244,39,3.985894203186035
244,40,3.985894203186035
244,41,3.985894203186035
244,42,3.985894203186035
244,43,3.985894203186035
244,44,3.985894203186035
244,45,3.985894203186035
244,46,3.985894203186035
244,47,3.985894203186035
244,48,3.985894203186035
244,49,3.985894203186035
26,0,1.150118350982666
26,1,0.2985595464706421
26,2,0.12992262840270996
26,3,0.12992262840270996
26,4,0.05316448211669922
26,5,0.009900927543640137
26,6,0.009900927543640137
26,7,0.009900927543640137
26,8,0.009900927543640137
26,9,0.009900927543640137
26,10,0.009900927543640137
26,11,0.009900927543640137
26,12,0.009900927543640137
26,13,0.009900927543640137
26,14,0.0034351348876953125
26,15,0.0034351348876953125
26,16,0.0034351348876953125
26,17,0.0034351348876953125
26,18,0.0034351348876953125
26,19,0.0034351348876953125
26,20,0.0034351348876953125
26,21,0.0034351348876953125
26,22,0.0034351348876953125
26,23,0.0034351348876953125
26,24,0.0034351348876953125
26,25,0.0034351348876953125
26,26,0.0034351348876953125
26,27,0.0005769729614257812
26,28,0.0005769729614257812
26,29,0.0005769729614257812
26,30,0.0005769729614257812
26,31,0.0005769729614257812
26,32,0.0005769729614257812
26,33,0.0005769729614257812
26,34,0.0005769729614257812
26,35,0.0005769729614257812
26,36,0.0005769729614257812
26,37,0.0005769729614257812
26,38,0.0005769729614257812
26,39,0.0005769729614257812
26,40,0.0005769729614257812
26,41,0.0005769729614257812
26,42,0.0005769729614257812
26,43,0.0005769729614257812
26,44,0.0005769729614257812
26,45,0.0005769729614257812
26,46,0.0005769729614257812
26,47,0.0005769729614257812
26,48,0.0005769729614257812
26,49,0.0005769729614257812
276,0,4.450081825256348
276,1,4.450081825256348
276,2,4.450081825256348
276,3,4.116603374481201
276,4,4.116603374481201
276,5,4.116603374481201
276,6,3.370677947998047
276,7,3.370677947998047
276,8,3.370677947998047
276,9,3.370677947998047
276,10,3.370677947998047
276,11,3.370677947998047
276,12,3.370677947998047
276,13,3.370677947998047
276,14,3.370677947998047
276,15,3.370677947998047
276,16,3.370677947998047
276,17,3.370677947998047
276,18,3.370677947998047
276,19,3.370677947998047
276,20,3.370677947998047
276,21,3.370677947998047
276,22,3.286935329437256
276,23,3.286935329437256
276,24,3.286935329437256
276,25,3.286935329437256
276,26,3.286935329437256
276,27,3.286935329437256
276,28,3.286935329437256
276,29,3.286935329437256
276,30,3.286935329437256
276,31,3.286935329437256
276,32,3.286935329437256
276,33,3.286935329437256
276,34,3.286935329437256
276,35,3.286935329437256
276,36,3.286935329437256
276,37,3.286935329437256
276,38,2.285642623901367
276,39,2.285642623901367
276,40,2.285642623901367
276,41,2.285642623901367
276,42,2.285642623901367
276,43,2.285642623901367
276,44,2.285642623901367
276,45,2.285642623901367
276,46,2.285642623901367
276,47,1.402856469154358
276,48,1.402856469154358
276,49,1.402856469154358
278,0,3.0974857807159424
278,1,2.7559354305267334
278,2,2.452139377593994
278,3,2.452139377593994
278,4,1.960566759109497
278,5,1.960566759109497
278,6,1.9025063514709473
278,7,1.6419105529785156
278,8,1.6419105529785156
278,9,1.6181917190551758
278,10,1.5773388147354126
278,11,1.3706951141357422
278,12,1.3706951141357422
278,13,1.3706951141357422
278,14,1.3706951141357422
278,15,1.3706951141357422
278,16,1.3706951141357422
278,17,1.3706951141357422
278,18,1.3706951141357422
278,19,1.3706951141357422
278,20,1.3706951141357422
278,21,1.3706951141357422
278,22,1.3706951141357422
278,23,1.3706951141357422
278,24,1.3706951141357422
278,25,1.3706951141357422
278,26,1.3706951141357422
278,27,1.3706951141357422
278,28,1.3706951141357422
278,29,1.3706951141357422
278,30,1.3706951141357422
278,31,1.3706951141357422
278,32,1.3706951141357422
278,33,1.3706951141357422
278,34,1.3706951141357422
278,35,1.3706951141357422
278,36,1.3706951141357422
278,37,1.3706951141357422
278,38,1.3358550071716309
278,39,1.3358550071716309
278,40,1.3358550071716309
278,41,1.3358550071716309
278,42,1.3358550071716309
278,43,1.3358550071716309
278,44,1.3358550071716309
278,45,1.3358550071716309
278,46,1.3358550071716309
278,47,1.3358550071716309
278,48,1.3358550071716309
278,49,1.3358550071716309
282,0,0.10103368759155273
282,1,0.10103368759155273
282,2,0.07304143905639648
282,3,0.06252622604370117
282,4,0.06252622604370117
282,5,0.06252622604370117
282,6,0.03184318542480469
282,7,0.03184318542480469
282,8,0.0033655166625976562
282,9,0.0033655166625976562
282,10,0.0033655166625976562
282,11,0.0033655166625976562
282,12,0.0033655166625976562
282,13,0.0033655166625976562
282,14,0.0033655166625976562
282,15,0.0033655166625976562
282,16,0.0033655166625976562
282,17,0.0033655166625976562
282,18,0.0033655166625976562
282,19,0.0009484291076660156
282,20,0.0009484291076660156
282,21,0.0009484291076660156
282,22,0.0009484291076660156
282,23,0.0009484291076660156
282,24,0.0009484291076660156
282,25,0.0009484291076660156
282,26,0.0009484291076660156
282,27,0.0009484291076660156
282,28,0.0009484291076660156
282,29,0.0009484291076660156
282,30,0.0009484291076660156
282,31,0.0009484291076660156
282,32,0.0009484291076660156
282,33,0.0009484291076660156
282,34,0.0009484291076660156
282,35,0.0009484291076660156
282,36,0.0009484291076660156
282,37,0.0009484291076660156
282,38,0.0009484291076660156
282,39,0.0009484291076660156
282,40,0.0009484291076660156
282,41,0.0009484291076660156
282,42,0.0009484291076660156
282,43,0.0009484291076660156
282,44,0.0009484291076660156
282,45,0.0009484291076660156
282,46,0.0009484291076660156
282,47,0.0009484291076660156
282,48,0.0009484291076660156
282,49,0.0009484291076660156
28,0,4.610306739807129
28,1,4.610306739807129
28,2,3.894242286682129
28,3,3.2013864517211914
28,4,2.8303260803222656
28,5,2.1512255668640137
28,6,2.0272040367126465
28,7,2.0272040367126465
28,8,2.0272040367126465
28,9,2.0272040367126465
28,10,2.018245220184326
28,11,2.018245220184326
28,12,2.018245220184326
28,13,2.018245220184326
28,14,2.018245220184326
28,15,2.018245220184326
28,16,1.4701343774795532
28,17,1.4266321659088135
28,18,1.4266321659088135
28,19,1.4266321659088135
28,20,1.4266321659088135
28,21,1.4211485385894775
28,22,1.1159507036209106
28,23,1.034705400466919
28,24,1.034705400466919
28,25,0.9772912263870239
28,26,0.9772912263870239
28,27,0.9772912263870239
28,28,0.8914218544960022
28,29,0.8234335780143738
28,30,0.8234335780143738
28,31,0.8234335780143738
28,32,0.8234335780143738
28,33,0.8234335780143738
28,34,0.8234335780143738
28,35,0.8234335780143738
28,36,0.8234335780143738
28,37,0.8234335780143738
28,38,0.8234335780143738
28,39,0.6231383085250854
28,40,0.6231383085250854
28,41,0.6231383085250854
28,42,0.6231383085250854
28,43,0.6231383085250854
28,44,0.6231383085250854
28,45,0.6231383085250854
28,46,0.6231383085250854
28,47,0.6231383085250854
28,48,0.6231383085250854
28,49,0.6231383085250854
29,0,4.429581642150879
29,1,3.0521140098571777
29,2,3.0314643383026123
29,3,2.831167697906494
29,4,2.240997076034546
29,5,2.0427303314208984
29,6,2.0427303314208984
29,7,2.0427303314208984
29,8,2.0427303314208984
29,9,2.0427303314208984
29,10,1.9256248474121094
29,11,1.9256248474121094
29,12,1.9256248474121094
29,13,1.9256248474121094
29,14,1.8242254257202148
29,15,1.409430980682373
29,16,1.377471923828125
29,17,1.3041956424713135
29,18,1.3041956424713135
29,19,1.2936753034591675
29,20,1.2936753034591675
29,21,1.2936753034591675
29,22,1.2936753034591675
29,23,1.2936753034591675
29,24,1.1221814155578613
29,25,1.1221814155578613
29,26,1.1221814155578613
29,27,1.071124792098999
29,28,1.071124792098999
29,29,1.071124792098999
29,30,1.071124792098999
29,31,1.071124792098999
29,32,0.855035126209259
29,33,0.855035126209259
29,34,0.855035126209259
29,35,0.855035126209259
29,36,0.855035126209259
29,37,0.855035126209259
29,38,0.855035126209259
29,39,0.855035126209259
29,40,0.855035126209259
29,41,0.855035126209259
29,42,0.855035126209259
29,43,0.855035126209259
29,44,0.855035126209259
29,45,0.855035126209259
29,46,0.855035126209259
29,47,0.855035126209259
29,48,0.855035126209259
29,49,0.855035126209259
2,0,0.0028420686721801758
2,1,0.0028420686721801758
2,2,0.0028420686721801758
2,3,0.0028420686721801758
2,4,0.0028420686721801758
2,5,0.0028420686721801758
2,6,0.0028420686721801758
2,7,0.0028420686721801758
2,8,0.0028420686721801758
2,9,0.0028420686721801758
2,10,0.0028420686721801758
2,11,0.0019031763076782227
2,12,0.0019031763076782227
2,13,0.0004336833953857422
2,14,0.0004336833953857422
2,15,0.0004336833953857422
2,16,0.0004336833953857422
2,17,0.0004336833953857422
2,18,0.0004336833953857422
2,19,0.0004336833953857422
2,20,0.0004336833953857422
2,21,0.0004336833953857422
2,22,0.0004336833953857422
2,23,0.0004336833953857422
2,24,0.0004336833953857422
2,25,0.0004336833953857422
2,26,0.0004336833953857422
2,27,0.0004336833953857422
2,28,0.0004336833953857422
2,29,0.0004336833953857422
2,30,0.0004336833953857422
2,31,0.0004336833953857422
2,32,0.0004336833953857422
2,33,0.0004336833953857422
2,34,0.0004336833953857422
2,35,0.0004336833953857422
2,36,0.0004336833953857422
2,37,0.0004336833953857422
2,38,0.0004336833953857422
2,39,0.0004336833953857422
2,40,0.0004336833953857422
2,41,0.0004336833953857422
2,42,0.0004336833953857422
2,43,0.0004336833953857422
2,44,0.0004336833953857422
2,45,0.0004336833953857422
2,46,5.245208740234375e-05
2,47,5.245208740234375e-05
2,48,5.245208740234375e-05
2,49,5.245208740234375e-05
302,0,1.5859267711639404
302,1,0.8997982144355774
302,2,0.8997982144355774
302,3,0.8997982144355774
302,4,0.8997982144355774
302,5,0.8997982144355774
302,6,0.8997982144355774
302,7,0.883812427520752
302,8,0.8615586757659912
302,9,0.8615586757659912
302,10,0.8615586757659912
302,11,0.8615586757659912
302,12,0.8615586757659912
302,13,0.8615586757659912
302,14,0.8615586757659912
302,15,0.7932039499282837
302,16,0.7932039499282837
302,17,0.7932039499282837
302,18,0.7932039499282837
302,19,0.678661584854126
302,20,0.678661584854126
302,21,0.6203193068504333
302,22,0.6203193068504333
302,23,0.6203193068504333
302,24,0.6203193068504333
302,25,0.6203193068504333
302,26,0.6203193068504333
302,27,0.6203193068504333
302,28,0.6203193068504333
302,29,0.6203193068504333
302,30,0.6203193068504333
302,31,0.6203193068504333
302,32,0.6203193068504333
302,33,0.6203193068504333
302,34,0.6203193068504333
302,35,0.6203193068504333
302,36,0.6203193068504333
302,37,0.6203193068504333
302,38,0.6203193068504333
302,39,0.5585293769836426
302,40,0.5585293769836426
302,41,0.5585293769836426
302,42,0.5585293769836426
302,43,0.5585293769836426
302,44,0.5585293769836426
302,45,0.5585293769836426
302,46,0.5585293769836426
302,47,0.5585293769836426
302,48,0.5585293769836426
302,49,0.5585293769836426
30,0,0.5080482959747314
30,1,0.5080482959747314
30,2,0.19237756729125977
30,3,0.19237756729125977
30,4,0.19237756729125977
30,5,0.19237756729125977
30,6,0.19237756729125977
30,7,0.19237756729125977
30,8,0.19237756729125977
30,9,0.07610964775085449
30,10,0.07610964775085449
30,11,0.07610964775085449
30,12,0.07610964775085449
30,13,0.07610964775085449
30,14,0.07610964775085449
30,15,0.07610964775085449
30,16,0.07610964775085449
30,17,0.07610964775085449
30,18,0.07610964775085449
30,19,0.07610964775085449
30,20,0.07610964775085449
30,21,0.07610964775085449
30,22,0.07610964775085449
30,23,0.07610964775085449
30,24,0.07610964775085449
30,25,0.07610964775085449
30,26,0.021385669708251953
30,27,0.021385669708251953
30,28,0.021385669708251953
30,29,0.014458656311035156
30,30,0.014458656311035156
30,31,0.014458656311035156
30,32,0.014458656311035156
30,33,0.014458656311035156
30,34,0.014458656311035156
30,35,0.014458656311035156
30,36,0.014458656311035156
30,37,0.014458656311035156
30,38,0.014458656311035156
30,39,0.014458656311035156
30,40,0.014458656311035156
30,41,0.014458656311035156
30,42,0.014458656311035156
30,43,0.014458656311035156
30,44,0.006652355194091797
30,45,0.006652355194091797
30,46,0.006652355194091797
30,47,0.006652355194091797
30,48,0.006652355194091797
30,49,0.006652355194091797
310,0,0.10573172569274902
310,1,0.08823394775390625
310,2,0.009675979614257812
310,3,0.009675979614257812
310,4,0.009675979614257812
310,5,0.009675979614257812
310,6,0.009675979614257812
310,7,0.009675979614257812
310,8,0.009675979614257812
310,9,0.009675979614257812
310,10,0.009675979614257812
310,11,0.009675979614257812
310,12,0.009675979614257812
310,13,0.009675979614257812
310,14,0.009675979614257812
310,15,0.004661083221435547
310,16,0.004661083221435547
310,17,0.004661083221435547
310,18,0.004661083221435547
310,19,0.004661083221435547
310,20,0.004661083221435547
310,21,0.004661083221435547
310,22,2.47955322265625e-05
310,23,2.47955322265625e-05
310,24,2.47955322265625e-05
310,25,2.47955322265625e-05
310,26,2.47955322265625e-05
310,27,2.47955322265625e-05
310,28,2.47955322265625e-05
310,29,2.47955322265625e-05
310,30,2.47955322265625e-05
310,31,2.47955322265625e-05
310,32,2.47955322265625e-05
310,33,2.47955322265625e-05
310,34,2.47955322265625e-05
310,35,2.47955322265625e-05
310,36,2.47955322265625e-05
310,37,2.47955322265625e-05
310,38,2.47955322265625e-05
310,39,2.47955322265625e-05
310,40,2.47955322265625e-05
310,41,2.47955322265625e-05
310,42,2.47955322265625e-05
310,43,2.47955322265625e-05
310,44,2.47955322265625e-05
310,45,2.47955322265625e-05
310,46,2.47955322265625e-05
310,47,2.47955322265625e-05
310,48,2.47955322265625e-05
310,49,2.47955322265625e-05
320,0,0.45412564277648926
320,1,0.3939986228942871
320,2,0.19310307502746582
320,3,0.19310307502746582
320,4,0.19310307502746582
320,5,0.19310307502746582
320,6,0.19310307502746582
320,7,0.19310307502746582
320,8,0.19310307502746582
320,9,0.13927853107452393
320,10,0.13927853107452393
320,11,0.13927853107452393
320,12,0.13927853107452393
320,13,0.13927853107452393
320,14,0.13927853107452393
320,15,0.13927853107452393
320,16,0.13927853107452393
320,17,0.13927853107452393
320,18,0.13927853107452393
320,19,0.13927853107452393
320,20,0.13927853107452393
320,21,0.13927853107452393
320,22,0.13927853107452393
320,23,0.13927853107452393
320,24,0.13927853107452393
320,25,0.13927853107452393
320,26,0.13927853107452393
320,27,0.13927853107452393
320,28,0.13927853107452393
320,29,0.13927853107452393
320,30,0.13927853107452393
320,31,0.13927853107452393
320,32,0.13927853107452393
320,33,0.13927853107452393
320,34,0.13927853107452393
320,35,0.13927853107452393
320,36,0.13927853107452393
320,37,0.13927853107452393
320,38,0.13927853107452393
320,39,0.13927853107452393
320,40,0.13927853107452393
320,41,0.13927853107452393
320,42,0.13927853107452393
320,43,0.13927853107452393
320,44,0.13927853107452393
320,45,0.13927853107452393
320,46,0.13927853107452393
320,47,0.13927853107452393
320,48,0.13927853107452393
320,49,0.13927853107452393
322,0,0.011018991470336914
322,1,0.011018991470336914
322,2,0.005784511566162109
322,3,0.005249738693237305
322,4,0.0010912418365478516
322,5,0.0010912418365478516
322,6,0.0010912418365478516
322,7,0.0010912418365478516
322,8,0.0010912418365478516
322,9,0.0010912418365478516
322,10,0.0010912418365478516
322,11,0.0010912418365478516
322,12,0.0010912418365478516
322,13,0.0010912418365478516
322,14,0.0010912418365478516
322,15,0.0010912418365478516
322,16,0.0010912418365478516
322,17,0.0010912418365478516
322,18,0.0010912418365478516
322,19,0.0010912418365478516
322,20,0.0010912418365478516
322,21,0.0010912418365478516
322,22,0.0010912418365478516
322,23,0.0010912418365478516
322,24,0.0010912418365478516
322,25,0.0010912418365478516
322,26,0.0010175704956054688
322,27,0.0010175704956054688
322,28,0.0010175704956054688
322,29,0.0010175704956054688
322,30,0.0010175704956054688
322,31,0.0010175704956054688
322,32,0.0010175704956054688
322,33,0.0010175704956054688
322,34,0.0010175704956054688
322,35,0.0010175704956054688
322,36,0.0010175704956054688
322,37,0.0010175704956054688
322,38,0.0010175704956054688
322,39,0.0010175704956054688
322,40,0.0010175704956054688
322,41,0.0010175704956054688
322,42,0.0010175704956054688
322,43,0.0010175704956054688
322,44,0.0010175704956054688
322,45,0.0010175704956054688
322,46,0.0010175704956054688
322,47,0.0010175704956054688
322,48,0.0010175704956054688
322,49,0.0010175704956054688
324,0,3.6866354942321777
324,1,3.6866354942321777
324,2,3.1704044342041016
324,3,3.049203872680664
324,4,2.754664421081543
324,5,2.754664421081543
324,6,2.3963141441345215
324,7,2.3963141441345215
324,8,2.3963141441345215
324,9,2.3963141441345215
324,10,2.3963141441345215
324,11,2.3963141441345215
324,12,2.307035207748413
324,13,2.307035207748413
324,14,2.307035207748413
324,15,2.307035207748413
324,16,2.307035207748413
324,17,2.307035207748413
324,18,2.307035207748413
324,19,2.307035207748413
324,20,2.307035207748413
324,21,2.219588279724121
324,22,2.219588279724121
324,23,2.219588279724121
324,24,2.219588279724121
324,25,2.219588279724121
324,26,2.219588279724121
324,27,2.219588279724121
324,28,2.219588279724121
324,29,2.1858773231506348
324,30,2.1858773231506348
324,31,1.8934574127197266
324,32,1.8934574127197266
324,33,1.8934574127197266
324,34,1.8934574127197266
324,35,1.8934574127197266
324,36,1.8934574127197266
324,37,1.8934574127197266
324,38,1.8934574127197266
324,39,1.8934574127197266
324,40,1.8934574127197266
324,41,1.8934574127197266
324,42,1.8934574127197266
324,43,1.8934574127197266
324,44,1.8934574127197266
324,45,1.8934574127197266
324,46,1.8934574127197266
324,47,1.8934574127197266
324,48,1.7384778261184692
324,49,1.7384778261184692
338,0,0.08178997039794922
338,1,0.013310909271240234
338,2,0.011181354522705078
338,3,0.011181354522705078
338,4,0.011181354522705078
338,5,0.011181354522705078
338,6,0.011181354522705078
338,7,0.0003426074981689453
338,8,0.0003426074981689453
338,9,0.0003426074981689453
338,10,0.0003426074981689453
338,11,0.0003426074981689453
338,12,0.0003426074981689453
338,13,0.0003426074981689453
338,14,0.0003426074981689453
338,15,0.0003426074981689453
338,16,0.0003426074981689453
338,17,0.0003426074981689453
338,18,0.0003426074981689453
338,19,0.0003426074981689453
338,20,0.0003426074981689453
338,21,0.0003426074981689453
338,22,0.0003426074981689453
338,23,0.0003426074981689453
338,24,0.0003426074981689453
338,25,0.0003426074981689453
338,26,0.0003426074981689453
338,27,0.0003426074981689453
338,28,0.0003426074981689453
338,29,0.0003426074981689453
338,30,0.0003426074981689453
338,31,0.0003426074981689453
338,32,0.0003426074981689453
338,33,0.0003426074981689453
338,34,0.0003426074981689453
338,35,0.0003426074981689453
338,36,0.0003426074981689453
338,37,0.0003426074981689453
338,38,0.0003426074981689453
338,39,0.0003426074981689453
338,40,0.0003426074981689453
338,41,0.0003426074981689453
338,42,0.0003426074981689453
338,43,0.0003426074981689453
338,44,0.0003426074981689453
338,45,0.0003426074981689453
338,46,0.0003426074981689453
338,47,0.0003426074981689453
338,48,0.0003426074981689453
338,49,0.0003426074981689453
354,0,11.434743881225586
354,1,11.08814811706543
354,2,11.08814811706543
354,3,10.17690658569336
354,4,10.17690658569336
354,5,10.17690658569336
354,6,9.75753116607666
354,7,7.77838134765625
354,8,7.77838134765625
354,9,7.77838134765625
354,10,7.77838134765625
354,11,7.77838134765625
354,12,7.77838134765625
354,13,7.77838134765625
354,14,7.77838134765625
354,15,7.77838134765625
354,16,7.77838134765625
354,17,7.77838134765625
354,18,7.167071342468262
354,19,7.167071342468262
354,20,7.167071342468262
354,21,7.167071342468262
354,22,6.782344341278076
354,23,6.782344341278076
354,24,6.782344341278076
354,25,6.782344341278076
354,26,6.559299468994141
354,27,6.559299468994141
354,28,6.559299468994141
354,29,6.559299468994141
354,30,6.559299468994141
354,31,6.559299468994141
354,32,6.424308776855469
354,33,6.424308776855469
354,34,6.424308776855469
354,35,6.424308776855469
354,36,6.424308776855469
354,37,6.424308776855469
354,38,6.424308776855469
354,39,6.098594665527344
354,40,6.098594665527344
354,41,6.098594665527344
354,42,6.024302959442139
354,43,6.024302959442139
354,44,6.024302959442139
354,45,6.024302959442139
354,46,6.024302959442139
354,47,6.024302959442139
354,48,6.011334419250488
354,49,6.011334419250488
392,0,0.02733445167541504
392,1,0.016371488571166992
392,2,0.016371488571166992
392,3,0.0014090538024902344
392,4,0.0014090538024902344
392,5,0.0014090538024902344
392,6,0.0014090538024902344
392,7,0.0014090538024902344
392,8,0.0014090538024902344
392,9,0.0014090538024902344
392,10,0.0014090538024902344
392,11,0.0014090538024902344
392,12,0.0014090538024902344
392,13,0.0014090538024902344
392,14,0.0014090538024902344
392,15,0.0014090538024902344
392,16,0.0014090538024902344
392,17,0.0002484321594238281
392,18,0.0002484321594238281
392,19,0.0002484321594238281
392,20,0.0002484321594238281
392,21,0.0002484321594238281
392,22,0.0002484321594238281
392,23,0.0002484321594238281
392,24,0.0002484321594238281
392,25,0.0002484321594238281
392,26,0.0002484321594238281
392,27,0.0002484321594238281
392,28,0.0002484321594238281
392,29,0.0002484321594238281
392,30,0.0002484321594238281
392,31,0.0002484321594238281
392,32,0.0002484321594238281
392,33,0.0002484321594238281
392,34,0.0001556873321533203
392,35,0.0001556873321533203
392,36,0.0001556873321533203
392,37,0.0001556873321533203
392,38,0.0001556873321533203
392,39,0.0001556873321533203
392,40,0.0001556873321533203
392,41,0.0001556873321533203
392,42,0.0001556873321533203
392,43,0.0001556873321533203
392,44,0.0001556873321533203
392,45,0.0001556873321533203
392,46,0.0001556873321533203
392,47,0.0001556873321533203
392,48,0.0001556873321533203
392,49,0.0001556873321533203
393,0,0.0023157596588134766
393,1,0.0023157596588134766
393,2,0.0023157596588134766
393,3,0.0023157596588134766
393,4,0.0023157596588134766
393,5,0.0013818740844726562
393,6,0.0013818740844726562
393,7,0.0013818740844726562
393,8,0.0013818740844726562
393,9,0.0013818740844726562
393,10,0.0013818740844726562
393,11,0.0013818740844726562
393,12,0.0013818740844726562
393,13,0.0013818740844726562
393,14,0.0013818740844726562
393,15,0.0013818740844726562
393,16,0.0013818740844726562
393,17,0.0013818740844726562
393,18,0.0013818740844726562
393,19,0.0013818740844726562
393,20,0.0013818740844726562
393,21,0.0013818740844726562
393,22,0.0013818740844726562
393,23,0.0013818740844726562
393,24,0.0013818740844726562
393,25,0.0013818740844726562
393,26,0.0013818740844726562
393,27,0.0013818740844726562
393,28,0.0013818740844726562
393,29,0.0013818740844726562
393,30,0.0013818740844726562
393,31,0.0013818740844726562
393,32,0.00032901763916015625
393,33,0.00032901763916015625
393,34,0.00032901763916015625
393,35,0.00032901763916015625
393,36,0.00032901763916015625
393,37,0.00032901763916015625
393,38,0.00032901763916015625
393,39,0.00032901763916015625
393,40,0.00032901763916015625
393,41,0.00032901763916015625
393,42,0.00032901763916015625
393,43,0.00032901763916015625
393,44,0.00032901763916015625
393,45,0.00032901763916015625
393,46,0.00032901763916015625
393,47,0.00032901763916015625
393,48,0.00032901763916015625
393,49,0.00032901763916015625
394,0,0.05729937553405762
394,1,0.0026137828826904297
394,2,0.0026137828826904297
394,3,0.0026137828826904297
394,4,0.0026137828826904297
394,5,0.0026137828826904297
394,6,0.0026137828826904297
394,7,0.0026137828826904297
394,8,0.0026137828826904297
394,9,0.0026137828826904297
394,10,0.0014095306396484375
394,11,0.0014095306396484375
394,12,8.273124694824219e-05
394,13,8.273124694824219e-05
394,14,8.273124694824219e-05
394,15,8.273124694824219e-05
394,16,8.273124694824219e-05
394,17,8.273124694824219e-05
394,18,8.273124694824219e-05
394,19,8.273124694824219e-05
394,20,8.273124694824219e-05
394,21,8.273124694824219e-05
394,22,8.273124694824219e-05
394,23,8.273124694824219e-05
394,24,8.273124694824219e-05
394,25,8.273124694824219e-05
394,26,8.273124694824219e-05
394,27,8.273124694824219e-05
394,28,8.273124694824219e-05
394,29,8.273124694824219e-05
394,30,5.7220458984375e-05
394,31,5.7220458984375e-05
394,32,5.7220458984375e-05
394,33,5.7220458984375e-05
394,34,5.7220458984375e-05
394,35,5.7220458984375e-05
394,36,5.7220458984375e-05
394,37,5.7220458984375e-05
394,38,5.7220458984375e-05
394,39,5.7220458984375e-05
394,40,5.7220458984375e-05
394,41,5.7220458984375e-05
394,42,5.7220458984375e-05
394,43,5.7220458984375e-05
394,44,5.7220458984375e-05
394,45,5.7220458984375e-05
394,46,5.7220458984375e-05
394,47,5.7220458984375e-05
394,48,5.7220458984375e-05
394,49,5.7220458984375e-05
398,0,0.09931635856628418
398,1,0.0036067962646484375
398,2,0.0036067962646484375
398,3,0.0036067962646484375
398,4,0.0036067962646484375
398,5,0.0036067962646484375
398,6,0.00124359130859375
398,7,0.00124359130859375
398,8,0.0007929801940917969
398,9,0.0007929801940917969
398,10,0.0007929801940917969
398,11,0.0007929801940917969
398,12,0.0007929801940917969
398,13,0.0007929801940917969
398,14,0.0007929801940917969
398,15,0.0007929801940917969
398,16,0.0007929801940917969
398,17,0.0007929801940917969
398,18,0.0007929801940917969
398,19,0.0007929801940917969
398,20,0.0007929801940917969
398,21,0.0007929801940917969
398,22,0.0007929801940917969
398,23,0.0007929801940917969
398,24,0.0007929801940917969
398,25,0.0007929801940917969
398,26,0.0007929801940917969
398,27,0.0007929801940917969
398,28,0.0007929801940917969
398,29,0.0007929801940917969
398,30,0.0007929801940917969
398,31,0.0007929801940917969
398,32,0.0007929801940917969
398,33,0.0007929801940917969
398,34,0.0007929801940917969
398,35,0.0007929801940917969
398,36,0.0007929801940917969
398,37,0.0007929801940917969
398,38,0.0007929801940917969
398,39,0.0007929801940917969
398,40,0.0007929801940917969
398,41,0.0007929801940917969
398,42,0.0007929801940917969
398,43,0.0007929801940917969
398,44,0.0007929801940917969
398,45,0.0007929801940917969
398,46,0.0007929801940917969
398,47,0.0007929801940917969
398,48,0.0007929801940917969
398,49,0.0007929801940917969
44,0,1.6762728691101074
44,1,0.8442003726959229
44,2,0.8442003726959229
44,3,0.8442003726959229
44,4,0.8442003726959229
44,5,0.7932374477386475
44,6,0.6980273723602295
44,7,0.6980273723602295
44,8,0.6051137447357178
44,9,0.577852725982666
44,10,0.577852725982666
44,11,0.5528042316436768
44,12,0.5528042316436768
44,13,0.5319479703903198
44,14,0.5319479703903198
44,15,0.49907100200653076
44,16,0.49907100200653076
44,17,0.49907100200653076
44,18,0.49907100200653076
44,19,0.49907100200653076
44,20,0.49907100200653076
44,21,0.49907100200653076
44,22,0.49907100200653076
44,23,0.49907100200653076
44,24,0.49907100200653076
44,25,0.49907100200653076
44,26,0.49907100200653076
44,27,0.49907100200653076
44,28,0.49907100200653076
44,29,0.49907100200653076
44,30,0.49907100200653076
44,31,0.49907100200653076
44,32,0.49907100200653076
44,33,0.49907100200653076
44,34,0.49907100200653076
44,35,0.49907100200653076
44,36,0.49907100200653076
44,37,0.49907100200653076
44,38,0.49907100200653076
44,39,0.49907100200653076
44,40,0.49907100200653076
44,41,0.49907100200653076
44,42,0.49907100200653076
44,43,0.49907100200653076
44,44,0.49907100200653076
44,45,0.49907100200653076
44,46,0.49907100200653076
44,47,0.49907100200653076
44,48,0.49907100200653076
44,49,0.49907100200653076
454,0,0.4910163879394531
454,1,0.0982593297958374
454,2,0.0982593297958374
454,3,0.07495176792144775
454,4,0.017398715019226074
454,5,0.017398715019226074
454,6,0.017398715019226074
454,7,0.011501550674438477
454,8,0.003066420555114746
454,9,0.003066420555114746
454,10,0.0012662410736083984
454,11,0.0012662410736083984
454,12,0.0012662410736083984
454,13,0.0012662410736083984
454,14,0.0012662410736083984
454,15,0.0012662410736083984
454,16,0.0012662410736083984
454,17,0.0012662410736083984
454,18,0.0012662410736083984
454,19,0.0012662410736083984
454,20,0.0012662410736083984
454,21,0.0012662410736083984
454,22,0.0012662410736083984
454,23,0.0012662410736083984
454,24,0.0012662410736083984
454,25,0.0012662410736083984
454,26,0.0012662410736083984
454,27,0.0012662410736083984
454,28,0.0012662410736083984
454,29,0.0012662410736083984
454,30,0.0012662410736083984
454,31,0.0012662410736083984
454,32,0.0012662410736083984
454,33,0.0012662410736083984
454,34,0.0012662410736083984
454,35,0.0012662410736083984
454,36,0.0012662410736083984
454,37,0.0012662410736083984
454,38,0.0012662410736083984
454,39,0.0012662410736083984
454,40,0.0012662410736083984
454,41,0.0012662410736083984
454,42,0.0012662410736083984
454,43,0.0012662410736083984
454,44,0.0012662410736083984
454,45,0.0012662410736083984
454,46,0.0012662410736083984
454,47,0.0012662410736083984
454,48,0.0012662410736083984
454,49,0.0012662410736083984
462,0,4.392861843109131
462,1,4.392861843109131
462,2,4.392861843109131
462,3,3.9943649768829346
462,4,3.822559118270874
462,5,3.822559118270874
462,6,3.535275936126709
462,7,3.535275936126709
462,8,3.2479629516601562
462,9,3.2479629516601562
462,10,3.2479629516601562
462,11,3.2479629516601562
462,12,3.2479629516601562
462,13,3.2479629516601562
462,14,3.2479629516601562
462,15,3.2479629516601562
462,16,3.2479629516601562
462,17,3.1292564868927
462,18,2.837155818939209
462,19,2.837155818939209
462,20,2.837155818939209
462,21,2.837155818939209
462,22,2.837155818939209
462,23,2.837155818939209
462,24,2.837155818939209
462,25,2.837155818939209
462,26,2.837155818939209
462,27,2.837155818939209
462,28,2.837155818939209
462,29,2.837155818939209
462,30,2.822643756866455
462,31,2.822643756866455
462,32,2.7985167503356934
462,33,2.7985167503356934
462,34,2.7985167503356934
462,35,2.7985167503356934
462,36,2.7985167503356934
462,37,2.7805285453796387
462,38,2.7805285453796387
462,39,2.7805285453796387
462,40,2.7805285453796387
462,41,2.7805285453796387
462,42,2.7805285453796387
462,43,2.7805285453796387
462,44,2.7805285453796387
462,45,2.7805285453796387
462,46,2.7805285453796387
462,47,2.7805285453796387
462,48,2.7805285453796387
462,49,2.7805285453796387
472,0,1.161414623260498
472,1,1.161414623260498
472,2,1.161414623260498
472,3,1.161414623260498
472,4,1.0718564987182617
472,5,1.0718564987182617
472,6,1.0718564987182617
472,7,1.0718564987182617
472,8,1.0718564987182617
472,9,1.0718564987182617
472,10,1.0718564987182617
472,11,1.0718564987182617
472,12,1.0680224895477295
472,13,1.0680224895477295
472,14,1.0680224895477295
472,15,1.0245702266693115
472,16,1.0245702266693115
472,17,0.9320563077926636
472,18,0.8983674645423889
472,19,0.8983674645423889
472,20,0.8983674645423889
472,21,0.8150590658187866
472,22,0.8150590658187866
472,23,0.8150590658187866
472,24,0.8150590658187866
472,25,0.8150590658187866
472,26,0.8150590658187866
472,27,0.8150590658187866
472,28,0.6681156158447266
472,29,0.6383653879165649
472,30,0.6383653879165649
472,31,0.49083489179611206
472,32,0.49083489179611206
472,33,0.49083489179611206
472,34,0.49083489179611206
472,35,0.49083489179611206
472,36,0.49083489179611206
472,37,0.49083489179611206
472,38,0.49083489179611206
472,39,0.49083489179611206
472,40,0.49083489179611206
472,41,0.49083489179611206
472,42,0.49083489179611206
472,43,0.49083489179611206
472,44,0.49083489179611206
472,45,0.49083489179611206
472,46,0.49083489179611206
472,47,0.49083489179611206
472,48,0.49083489179611206
472,49,0.49083489179611206
474,0,1.041562557220459
474,1,1.041562557220459
474,2,0.9882906675338745
474,3,0.9882906675338745
474,4,0.8582730293273926
474,5,0.8582730293273926
474,6,0.8518640995025635
474,7,0.8518640995025635
474,8,0.8518640995025635
474,9,0.8518640995025635
474,10,0.8518640995025635
474,11,0.8234419822692871
474,12,0.8234419822692871
474,13,0.8234419822692871
474,14,0.8234419822692871
474,15,0.8234419822692871
474,16,0.7178593873977661
474,17,0.7178593873977661
474,18,0.7178593873977661
474,19,0.7178593873977661
474,20,0.7178593873977661
474,21,0.7178593873977661
474,22,0.7178593873977661
474,23,0.7178593873977661
474,24,0.7178593873977661
474,25,0.7095873355865479
474,26,0.7055773735046387
474,27,0.7055773735046387
474,28,0.5856322050094604
474,29,0.5856322050094604
474,30,0.5856322050094604
474,31,0.5856322050094604
474,32,0.5856322050094604
474,33,0.5856322050094604
474,34,0.5856322050094604
474,35,0.5856322050094604
474,36,0.5856322050094604
474,37,0.5856322050094604
474,38,0.5856322050094604
474,39,0.5856322050094604
474,40,0.5856322050094604
474,41,0.5631986856460571
474,42,0.5631986856460571
474,43,0.5631986856460571
474,44,0.5631986856460571
474,45,0.5631986856460571
474,46,0.5631986856460571
474,47,0.5631986856460571
474,48,0.5631986856460571
474,49,0.5631986856460571
478,0,1.6409533023834229
478,1,1.4333195686340332
478,2,1.3380436897277832
478,3,1.3380436897277832
478,4,1.3245978355407715
478,5,1.1516504287719727
478,6,0.9982168674468994
478,7,0.8258271217346191
478,8,0.8258271217346191
478,9,0.8258271217346191
478,10,0.8258271217346191
478,11,0.8258271217346191
478,12,0.8258271217346191
478,13,0.8258271217346191
478,14,0.8258271217346191
478,15,0.8258271217346191
478,16,0.8258271217346191
478,17,0.8258271217346191
478,18,0.8258271217346191
478,19,0.8258271217346191
478,20,0.7734489440917969
478,21,0.7734489440917969
478,22,0.7734489440917969
478,23,0.7734489440917969
478,24,0.7734489440917969
478,25,0.7734489440917969
478,26,0.7734489440917969
478,27,0.7734489440917969
478,28,0.7734489440917969
478,29,0.7734489440917969
478,30,0.7734489440917969
478,31,0.7728545665740967
478,32,0.7728545665740967
478,33,0.7728545665740967
478,34,0.7728545665740967
478,35,0.7728545665740967
478,36,0.7728545665740967
478,37,0.7728545665740967
478,38,0.7728545665740967
478,39,0.7728545665740967
478,40,0.7728545665740967
478,41,0.7728545665740967
478,42,0.7728545665740967
478,43,0.7728545665740967
478,44,0.7728545665740967
478,45,0.7728545665740967
478,46,0.7728545665740967
478,47,0.7728545665740967
478,48,0.7728545665740967
478,49,0.7728545665740967
50,0,0.7914912700653076
50,1,0.7914912700653076
50,2,0.7914912700653076
50,3,0.7014167308807373
50,4,0.7014167308807373
50,5,0.7014167308807373
50,6,0.655029833316803
50,7,0.655029833316803
50,8,0.655029833316803
50,9,0.655029833316803
50,10,0.655029833316803
50,11,0.655029833316803
50,12,0.655029833316803
50,13,0.5007340312004089
50,14,0.5007340312004089
50,15,0.5007340312004089
50,16,0.3441193103790283
50,17,0.3441193103790283
50,18,0.3441193103790283
50,19,0.3441193103790283
50,20,0.3441193103790283
50,21,0.3441193103790283
50,22,0.3441193103790283
50,23,0.3261798024177551
50,24,0.3261798024177551
50,25,0.3261798024177551
50,26,0.3261798024177551
50,27,0.3261798024177551
50,28,0.3261798024177551
50,29,0.3261798024177551
50,30,0.3261798024177551
50,31,0.3261798024177551
50,32,0.3261798024177551
50,33,0.3261798024177551
50,34,0.3261798024177551
50,35,0.3261798024177551
50,36,0.3261798024177551
50,37,0.3261798024177551
50,38,0.3261798024177551
50,39,0.3261798024177551
50,40,0.3261798024177551
50,41,0.3261798024177551
50,42,0.3261798024177551
50,43,0.3261798024177551
50,44,0.3261798024177551
50,45,0.3261798024177551
50,46,0.3261798024177551
50,47,0.3261798024177551
50,48,0.3261798024177551
50,49,0.3261798024177551
56,0,0.010447502136230469
56,1,0.010447502136230469
56,2,0.010447502136230469
56,3,0.010447502136230469
56,4,0.010447502136230469
56,5,0.006549835205078125
56,6,0.006549835205078125
56,7,0.00519561767578125
56,8,0.00519561767578125
56,9,0.00519561767578125
56,10,0.00519561767578125
56,11,0.00519561767578125
56,12,0.00519561767578125
56,13,0.00519561767578125
56,14,0.0002455711364746094
56,15,0.0002455711364746094
56,16,0.0002455711364746094
56,17,0.0002455711364746094
56,18,0.0002455711364746094
56,19,0.0002455711364746094
56,20,0.0002455711364746094
56,21,0.0002455711364746094
56,22,0.0002455711364746094
56,23,0.0002455711364746094
56,24,0.0002455711364746094
56,25,0.0002455711364746094
56,26,0.0002455711364746094
56,27,0.0002455711364746094
56,28,0.0002455711364746094
56,29,0.0002455711364746094
56,30,0.0002455711364746094
56,31,0.0002455711364746094
56,32,0.0002455711364746094
56,33,0.0002455711364746094
56,34,0.0002455711364746094
56,35,0.0002455711364746094
56,36,0.0002455711364746094
56,37,0.0002455711364746094
56,38,0.0002455711364746094
56,39,0.0002455711364746094
56,40,0.0002455711364746094
56,41,0.0002455711364746094
56,42,0.0002455711364746094
56,43,0.0002455711364746094
56,44,0.0002455711364746094
56,45,0.0002455711364746094
56,46,0.0002455711364746094
56,47,0.0002455711364746094
56,48,0.0002455711364746094
56,49,0.0002455711364746094
6,0,0.019653379917144775
6,1,0.008001446723937988
6,2,0.008001446723937988
6,3,0.0014420747756958008
6,4,0.0014420747756958008
6,5,0.0014420747756958008
6,6,0.0014420747756958008
6,7,0.0014420747756958008
6,8,0.0014420747756958008
6,9,0.0014420747756958008
6,10,0.0014420747756958008
6,11,0.0014420747756958008
6,12,0.0014420747756958008
6,13,0.0014420747756958008
6,14,0.0014420747756958008
6,15,0.0014420747756958008
6,16,0.0014420747756958008
6,17,0.0014420747756958008
6,18,0.0014420747756958008
6,19,0.0010533332824707031
6,20,0.0010533332824707031
6,21,0.0010533332824707031
6,22,0.0010533332824707031
6,23,0.0010533332824707031
6,24,0.0010533332824707031
6,25,0.0010533332824707031
6,26,0.000840306282043457
6,27,0.000840306282043457
6,28,0.000840306282043457
6,29,0.000840306282043457
6,30,0.000840306282043457
6,31,0.000840306282043457
6,32,0.000840306282043457
6,33,0.000840306282043457
6,34,0.000840306282043457
6,35,0.000840306282043457
6,36,0.000840306282043457
6,37,0.000840306282043457
6,38,0.000840306282043457
6,39,0.000840306282043457
6,40,0.000840306282043457
6,41,0.000840306282043457
6,42,0.000840306282043457
6,43,0.000840306282043457
6,44,0.000840306282043457
6,45,0.000840306282043457
6,46,0.000840306282043457
6,47,0.000840306282043457
6,48,0.0007059574127197266
6,49,0.0007059574127197266
80,0,0.5720856189727783
80,1,0.22968852519989014
80,2,0.22968852519989014
80,3,0.11803865432739258
80,4,0.11803865432739258
80,5,0.11257970333099365
80,6,0.11257970333099365
80,7,0.11257970333099365
80,8,0.11257970333099365
80,9,0.11257970333099365
80,10,0.11257970333099365
80,11,0.11257970333099365
80,12,0.11257970333099365
80,13,0.08421409130096436
80,14,0.08421409130096436
80,15,0.08421409130096436
80,16,0.018342971801757812
80,17,0.018342971801757812
80,18,0.018342971801757812
80,19,0.018342971801757812
80,20,0.018342971801757812
80,21,0.018342971801757812
80,22,0.018342971801757812
80,23,0.018342971801757812
80,24,0.018342971801757812
80,25,0.018342971801757812
80,26,0.018342971801757812
80,27,0.018342971801757812
80,28,0.018342971801757812
80,29,0.018342971801757812
80,30,0.018342971801757812
80,31,0.018342971801757812
80,32,0.018342971801757812
80,33,0.018342971801757812
80,34,0.016928791999816895
80,35,0.016928791999816895
80,36,0.016928791999816895
80,37,0.016928791999816895
80,38,0.016928791999816895
80,39,0.016928791999816895
80,40,0.016928791999816895
80,41,0.01395881175994873
80,42,0.01395881175994873
80,43,0.01395881175994873
80,44,0.01395881175994873
80,45,0.01395881175994873
80,46,0.01395881175994873
80,47,0.01395881175994873
80,48,0.01395881175994873
80,49,0.01395881175994873
82,0,0.7226603031158447
82,1,0.7226603031158447
82,2,0.6458127498626709
82,3,0.54386305809021
82,4,0.54386305809021
82,5,0.4649393558502197
82,6,0.4649393558502197
82,7,0.4649393558502197
82,8,0.4649393558502197
82,9,0.4649393558502197
82,10,0.2982141971588135
82,11,0.2982141971588135
82,12,0.2982141971588135
82,13,0.2982141971588135
82,14,0.2982141971588135
82,15,0.2982141971588135
82,16,0.2982141971588135
82,17,0.2982141971588135
82,18,0.2512247562408447
82,19,0.2512247562408447
82,20,0.2512247562408447
82,21,0.2512247562408447
82,22,0.15736842155456543
82,23,0.15736842155456543
82,24,0.15736842155456543
82,25,0.15736842155456543
82,26,0.15736842155456543
82,27,0.15736842155456543
82,28,0.15736842155456543
82,29,0.1414945125579834
82,30,0.1414945125579834
82,31,0.1414945125579834
82,32,0.1414945125579834
82,33,0.1414945125579834
82,34,0.1414945125579834
82,35,0.1414945125579834
82,36,0.1414945125579834
82,37,0.1414945125579834
82,38,0.1414945125579834
82,39,0.1414945125579834
82,40,0.1414945125579834
82,41,0.1414945125579834
82,42,0.1414945125579834
82,43,0.1414945125579834
82,44,0.1414945125579834
82,45,0.1414945125579834
82,46,0.1414945125579834
82,47,0.1414945125579834
82,48,0.1414945125579834
82,49,0.1414945125579834
86,0,2.2013115882873535
86,1,1.8405320644378662
86,2,1.8405320644378662
86,3,1.7677973508834839
86,4,1.7677973508834839
86,5,1.7677973508834839
86,6,1.6948974132537842
86,7,1.6948974132537842
86,8,1.5061792135238647
86,9,1.5061792135238647
86,10,1.5061792135238647
86,11,1.5061792135238647
86,12,1.5061792135238647
86,13,1.5061792135238647
86,14,1.4905550479888916
86,15,1.4905550479888916
86,16,1.4905550479888916
86,17,1.4905550479888916
86,18,1.4905550479888916
86,19,1.4905550479888916
86,20,1.4905550479888916
86,21,1.4905550479888916
86,22,1.4905550479888916
86,23,1.4905550479888916
86,24,1.4905550479888916
86,25,1.4905550479888916
86,26,1.4905550479888916
86,27,1.4905550479888916
86,28,1.4905550479888916
86,29,1.4905550479888916
86,30,1.4905550479888916
86,31,1.4905550479888916
86,32,1.4905550479888916
86,33,1.4905550479888916
86,34,1.4905550479888916
86,35,1.4905550479888916
86,36,1.4905550479888916
86,37,1.4905550479888916
86,38,1.4536539316177368
86,39,1.4536539316177368
86,40,1.4536539316177368
86,41,1.4536539316177368
86,42,1.4536539316177368
86,43,1.4536539316177368
86,44,1.4536539316177368
86,45,1.4536539316177368
86,46,1.4536539316177368
86,47,1.4536539316177368
86,48,1.4324462413787842
86,49,1.4324462413787842
88,0,1.1855881214141846
88,1,0.9218559265136719
88,2,0.9218559265136719
88,3,0.9218559265136719
88,4,0.6347312927246094
88,5,0.445389986038208
88,6,0.14243364334106445
88,7,0.14243364334106445
88,8,0.14243364334106445
88,9,0.05822396278381348
88,10,0.05822396278381348
88,11,0.05822396278381348
88,12,0.05822396278381348
88,13,0.02725815773010254
88,14,0.02725815773010254
88,15,0.02725815773010254
88,16,0.02725815773010254
88,17,0.02725815773010254
88,18,0.02725815773010254
88,19,0.02725815773010254
88,20,0.02725815773010254
88,21,0.02725815773010254
88,22,0.02725815773010254
88,23,0.02725815773010254
88,24,0.02725815773010254
88,25,0.02725815773010254
88,26,0.02725815773010254
88,27,0.013314485549926758
88,28,0.013314485549926758
88,29,0.013314485549926758
88,30,0.013314485549926758
88,31,0.013314485549926758
88,32,0.008445501327514648
88,33,0.008445501327514648
88,34,0.006707191467285156
88,35,0.0039713382720947266
88,36,0.0039713382720947266
88,37,0.0039713382720947266
88,38,0.0039713382720947266
88,39,0.0007593631744384766
88,40,0.0007593631744384766
88,41,0.0007593631744384766
88,42,0.0007593631744384766
88,43,0.0007593631744384766
88,44,0.0007593631744384766
88,45,0.0007593631744384766
88,46,0.0007593631744384766
88,47,0.0007593631744384766
88,48,0.0007593631744384766
88,49,0.0007593631744384766
96,0,1.7551019191741943
96,1,1.4863507747650146
96,2,1.4863507747650146
96,3,1.3909085988998413
96,4,1.176800012588501
96,5,1.176800012588501
96,6,1.176800012588501
96,7,1.176800012588501
96,8,1.0148895978927612
96,9,1.0148895978927612
96,10,1.0148895978927612
96,11,1.0148895978927612
96,12,1.0148895978927612
96,13,1.0148895978927612
96,14,0.9680123329162598
96,15,0.9680123329162598
96,16,0.9680123329162598
96,17,0.9680123329162598
96,18,0.9680123329162598
96,19,0.9680123329162598
96,20,0.9680123329162598
96,21,0.9680123329162598
96,22,0.9680123329162598
96,23,0.9680123329162598
96,24,0.9680123329162598
96,25,0.9680123329162598
96,26,0.9126123189926147
96,27,0.9126123189926147
96,28,0.9126123189926147
96,29,0.9126123189926147
96,30,0.9126123189926147
96,31,0.9126123189926147
96,32,0.9126123189926147
96,33,0.9126123189926147
96,34,0.9126123189926147
96,35,0.9126123189926147
96,36,0.9126123189926147
96,37,0.9126123189926147
96,38,0.9126123189926147
96,39,0.9126123189926147
96,40,0.9126123189926147
96,41,0.9126123189926147
96,42,0.9126123189926147
96,43,0.9126123189926147
96,44,0.9126123189926147
96,45,0.8794098496437073
96,46,0.8794098496437073
96,47,0.8794098496437073
96,48,0.8794098496437073
96,49,0.8794098496437073
